SMILES,mol_id,qed,sim
CC(N)=C(F)Cc1ccc(CN2CCCC2)n(C(C)C)c1=O,50,0.9097660103670705,0.15853658536585366
CC1=Cn2[nH]c(=O)c3c(CN4CCCC4)n(C(C)C)c(=O)c(c32)C1,50,0.9382068137478821,0.1411764705882353
CC1=CNC1c1ccc(CN2CCCC2)n(C(C)C)c1=O,50,0.9245765179763284,0.14814814814814814
CCCC(C)N1Nc2cc3ccc(C)cn3c2C(=O)N(C)C1=O,50,0.9457032643551289,0.11494252873563218
CC(N)=C(C)Cc1ccc(CN2CCCC2)n(C(C)C)c1=O,50,0.9097633206890212,0.1625
CC1=CN2NCc3c2c(c(=O)n(C(C)C)c3CN2CCCC2)C1,50,0.929352346261581,0.12790697674418605
CCCn1c(=O)c2c(cc3n2[C@@H](C)CC(C)=NN3)n(C)c1=O,51,0.9167696439292098,0.2676056338028169
CC=CN1C(=O)[C@H](C)c2nc3n(c2C1C)[C@H](CCC)NN3C,51,0.9325343331722776,0.21621621621621623
[CH]N1CCC[C@H](n2ccc3c2C(C)N(CCC)C(=O)N3C)N1,51,0.9332220458319965,0.13580246913580246
[CH]N1N[C@H](CCC)n2c1cc1c2c(=O)n(CCC)c(=O)n1C,51,0.9217350825853527,0.22535211267605634
CCCn1c(=O)c2c(ccn2[C@H]2CCCN(C)N2)n(C)c1=O,51,0.9037435421925004,0.2191780821917808
C[CH]Cn1c(=O)c2c(cc3n2[C@H](C)CC(C)=NN3)n(C)c1=O,51,0.9128873846335733,0.3142857142857143
C[CH]Cn1c(=O)c2c(cc3n2[C@H](CCC)NN3C)n(C)c1=O,51,0.9143381471991077,0.2714285714285714
CCC[C@H]1NN(C)c2cc3c(c(=O)n(CCC)c(=O)n3C)n21,51,0.9206323796702581,0.2318840579710145
CCCn1c(=O)c2c(cc3n2[C@H](C)CC(C)=NN3)n(C)c1=O,51,0.9167696439292098,0.2676056338028169
CCCN1C(=O)N(C)c2ccn([C@H]3CCCN(C)N3)c2C1C,51,0.9331661376820582,0.13924050632911392
C[CH]Cn1c(=O)c2c(cc3n2[C@@H](C)CC(C)=NN3)n(C)c1=O,51,0.9128873846335733,0.3142857142857143
C[CH]Cn1c(=O)c2c(cc3n2[C@@H](CCC)NN3C)n(C)c1=O,51,0.9143381471991077,0.2714285714285714
CCCN1C(=O)N(C)c2cc3n(c2C1C)[C@H](C)CC(C)=NN3,51,0.9075395912120923,0.16883116883116883
[C]C1c2c(cc3n2[C@H](CCC)NN3C)N(C)C(=O)C1CCC,51,0.9294430885751751,0.11688311688311688
CCC[C@H]1NN(C)c2cc3c(n21)C(C)N(CCC)C(=O)N3C,51,0.9294276809051125,0.14666666666666667
CCC[C@@H]1NN(C)c2cc3c(c(=O)n(CCC)c(=O)n3C)n21,51,0.9206323796702581,0.2318840579710145
COc1ccccc1NC(=O)c1ccnn1C1(C)CC1C,52,0.9393816667883376,0.27941176470588236
COc1ccc(CC(=O)C2C[CH]OCC(C)(C)CO2)cc1O,52,0.9256308941217003,0.390625
COc1ccccc1NC(=O)c1ccnn1C12CC1C2,52,0.9259100300645952,0.26865671641791045
CC1CC2Cn3ncc(c3C(=O)NC3=CC=CC=COC3)C12C,52,0.9128890610833151,0.13095238095238096
COc1ccccc1NC(=O)c1c2cnn1CC1CC(C)C21C,52,0.9475122676520944,0.2236842105263158
COc1ccccc1NC(=O)c1c2cnn1CCC1C3CC213,52,0.9459135429882018,0.24324324324324326
COc1ccc(CC(=O)C2CCOCC(C)(C)CO2)cc1O,52,0.9246675167465692,0.390625
COc1ccc(CC(=O)C2C[CH]CCC(C)(C)CO2)cc1O,52,0.9269385428117761,0.38461538461538464
CC=C1c2cnn(c2C(=O)NC2=CC=CC=COC2)CCCC1C,52,0.9061284726382167,0.11494252873563218
CC1CCCn2ncc(c2C(=O)NC2=CC=CC=COC2)C1,52,0.9128687530850292,0.10714285714285714
COc1ccccc1NC(=O)c1c2cnn1CCCC1CC21,52,0.9470508403876606,0.19480519480519481
CC12CC1(n1nccc1C(=O)NC1=CC=CC=COC1)C2,52,0.9239891689310796,0.14473684210526316
COc1ccccc1NC(=O)c1c2cnn1CCCC(C)C2,52,0.947089460371931,0.19736842105263158
COC1=CC=C[N+]=C1[C@@H](NC(=O)c1ccc2nncn2c1)C(C)(C)C,53,0.9191136863268203,0.6666666666666666
CC1CC1(NC(=O)c1ccc2nncn2c1)C1=CC=CC=CCC1,53,0.9452858825665129,0.3888888888888889
CC(C)C(NC(=O)c1ccc2nncn2c1)C1=[N+]C=CC=CCC1,53,0.9364629462242834,0.463768115942029
O=C(NC1(C2=CC=CC=CCC2)C2CC21)c1ccc2nncn2c1,53,0.946342758478112,0.35135135135135137
CC(C)(C)C(NC(=O)c1ccc2nncn2c1)C1=[N+]C=CC=CCC1,53,0.9350970165310808,0.5692307692307692
O=C(NC(C1=CC=CC=CCC1)C1CC1)c1ccc2nncn2c1,53,0.9416194050264798,0.4084507042253521
CC(C)(C)[C@H](NC(=O)c1ccc2nncn2c1)C1=[N+]C=CC=CCC1,53,0.9350970165310808,0.5692307692307692
CC(C)(C)[C@@H](NC(=O)c1ccc2nncn2c1)C1=[N+]C=CC=CCC1,53,0.9350970165310808,0.5692307692307692
CC(C)C(NC(=O)c1ccc2nncn2c1)C1=CC=CC=CCC1,53,0.9391871509619321,0.45588235294117646
CCC1=CC=C[N+]=C1[C@H](NC(=O)c1ccc2nncn2c1)C(C)(C)C,53,0.9314700585154225,0.59375
CCC1C(C)C1(NC(=O)c1ccc2nncn2c1)C1=CC=CC=CCC1,53,0.9162485270124929,0.34177215189873417
CC(C)C(NC(=O)c1ccc2nncn2c1)C1=CC=CC=COC1,53,0.9380975229512974,0.4492753623188406
CC1CC1(NC(=O)c1ccc2nncn2c1)C1=CC=CC=COC1,53,0.9410142851093861,0.3783783783783784
CCC1=CC=C[N+]=C1[C@@H](NC(=O)c1ccc2nncn2c1)C(C)(C)C,53,0.9314700585154225,0.59375
CC(C)(C)[C@H](NC(=O)c1ccc2nncn2c1)C1=CC=CC=CCC1,53,0.9294091972376817,0.5625
CC(C)C[C@@H](NC(=O)c1ccc2nncn2c1)C1=[N+]C=CC=CCC1,53,0.910909873348902,0.4246575342465753
CC1C2OC=CC=CC=C2[C@@H](NC(=O)c2ccc3nncn3c2)C1(C)C,53,0.9041818191787262,0.3783783783783784
CC(C)C[C@@H](NC(=O)c1ccc2nncn2c1)C1=CC=CC=COC1,53,0.9100414478425786,0.410958904109589
O=C(NC1(C2=CC=CC=CCC2)C2CC21)C1C=Cc2nncn2C1,53,0.9291426998469845,0.13636363636363635
CC(C)(C)[C@@H](NC(=O)c1ccc2nncn2c1)C1=CC=CC=COC1,53,0.9342055319574675,0.5538461538461539
CC(C)(C)C(NC(=O)c1ccc2nncn2c1)C1=CC=CC=CCC1,53,0.9294091972376817,0.5625
CC(C)(C)C(NC(=O)c1ccc2nncn2c1)C1=CC=CC=COC1,53,0.9342055319574675,0.5538461538461539
CC(C)(C)[C](NC(=O)c1ccc2nncn2c1)C1=[N+]C=CC=CCC1,53,0.9363337637841271,0.4225352112676056
CC1C(C)C1(NC(=O)c1ccc2nncn2c1)C1=CC=CC=CCC1,53,0.9366003460497483,0.3698630136986301
CC1=CCCC=C(C(=O)Nc2cccc(C(=O)[O-])c2C)S1,54,0.9315357932155137,0.1527777777777778
CC1C[C@@H](C)C=C(C(=O)Nc2cccc(CC(=O)[O-])c2)S1,54,0.9230016038121286,0.1917808219178082
CC1C(C(=O)Nc2ccccc2CC(=O)[O-])=CCC[C@@H]1C,54,0.9188773003147963,0.1643835616438356
Cc1c(NC(=O)C2=CC(C)[C@H](C)C(C)S2)cccc1C(=O)[O-],54,0.9298053609467821,0.1643835616438356
CCc1cc(C)sc1C(=O)Nc1cc2c(cn1)CCC(=O)C2,54,0.9451435089544464,0.09876543209876543
CC1C=C(C(=O)Nc2ccccc2CC(=O)[O-])SC(C)[C@H]1C,54,0.923892649666888,0.19718309859154928
CCc1cc(C)sc1C(=O)Nc1ccc2c(c1)CC(=O)CC2,54,0.9329799232065037,0.11538461538461539
CC1=CC(C)C=C(C(=O)Nc2ccc3c(c2)CC(=O)CO3)S1,54,0.9095827537933822,0.0963855421686747
CC1=CCCCC=C(C(=O)Nc2cccc(CC(=O)[O-])c2)S1,54,0.9268430250631986,0.17567567567567569
CC1=CCCC=C(C(=O)Nc2cccc(CC(=O)[O-])c2)S1,54,0.9257411944409168,0.18055555555555555
CCc1cc(C)sc1C(=O)Nc1ccc2c(c1)CC(=O)CO2,54,0.944495022881511,0.1111111111111111
CC1=C(C)SC(C(=O)Nc2ccccc2CC(=O)[O-])=CCC1,54,0.9268430250631986,0.17567567567567569
COc1cc(C)sc1C(=O)Nc1cc2c(cn1)[CH]CC(=O)C2,54,0.9454277490814641,0.08235294117647059
CC1[CH]CCC=C(C(=O)Nc2cccc(CC(=O)[O-])c2)S1,54,0.9223974177853324,0.17333333333333334
COc1cc(C)sc1C(=O)NC1C=C2CC(=O)C[CH]C2=CC1,54,0.9324698351244909,0.09523809523809523
CC1=C(C)SC(C(=O)Nc2cccc(C(=O)[O-])c2C)=CCC1,54,0.930441547273692,0.14666666666666667
CC1SC(C(=O)Nc2ccccc2CC(=O)[O-])=CCC[C@@H]1C,54,0.9250151970251708,0.1891891891891892
CCc1cc(C)sc1C(=O)Nc1cc2c(cn1)[CH]CC(=O)C2,54,0.945236230044199,0.0963855421686747
CC1=C(C)SC(C(=O)Nc2cccc(CC(=O)[O-])c2)=CCC1,54,0.9268430250631986,0.17333333333333334
CCc1cc(C)sc1C(=O)Nc1ccc2c(c1)CC(=O)C[CH]2,54,0.932839135039542,0.1125
CC1=CC(C)C=C(C(=O)Nc2cccc(CC(=O)[O-])c2)S1,54,0.9243514284253174,0.1780821917808219
CCc1c(C)[n-]c(C(=O)N2C=CC=C3SCC(=O)NC3=C2)c1CC,55,0.9171161769777517,0.3076923076923077
CCc1c(C(=O)Nc2ccc3c(c2)NC(=O)CS3)[n-]c(C)c1C,55,0.9078564507301651,0.6451612903225806
CCc1c(C)sc(C(=O)N2C=CC=c3ccc(=O)[nH]c3=C2)c1CC,55,0.9297764462917841,0.2073170731707317
C=Cc1c(C)[n-]c(C(=O)N2C=CC=C3SCC(=O)NC3=C2)c1CC,55,0.9188434812957551,0.2891566265060241
Cc1cc(F)ccc1S(=O)(=O)Nc1ccc(F)c(C(C)[O-])c1,55,0.938339853909113,0.13580246913580246
CCc1c(C)[n-]c(C(=O)N2C=CC=C3[CH]CC(=O)NC3=C2)c1CC,55,0.9295515935432126,0.21686746987951808
C=Cc1c(C)[n-]c(C(=O)N2C=CC=C3[CH]CC(=O)NC3=C2)c1CC,55,0.930603126417045,0.20454545454545456
CCc1c(C(=O)Nc2ccc3c(c2)NC(=O)C[CH]3)[n-]c(C)c1C,55,0.9152673834234664,0.4225352112676056
CCc1c(C)[n-]c(C(=O)N2C=C3NC(=O)CCC3=CCC2)c1CC,55,0.9284527648983223,0.2222222222222222
CCc1c(C)sc(C(=O)N2C=NC=C3[CH]CC(=O)NC3=C2)c1CC,55,0.9172728342058116,0.21428571428571427
CCc1c(C)[n-]c(C(=O)N2C=C3NC(=O)CSC3=CCC2)c1CC,55,0.9150450955439489,0.3246753246753247
Cc1oc2ccc(NS(=O)(=O)C3CC=C3F)cc2c1C([NH])=O,56,0.9339188367596145,0.46153846153846156
CN(C)c1ccc(C(=O)NC2COc3ccc(F)cc32)cc1,56,0.947443114984185,0.2
Cc1oc2ccc(NS(=O)(=O)C3CC=C3F)cc2c1C(=O)[O-],56,0.9178628571395936,0.5833333333333334
Cc1oc2ccc(NS(=O)(=O)C3=CCC(F)=CC3)cc2c1C(=O)[O-],56,0.9124709415319989,0.6271186440677966
CN(C)c1c#cc(C(=O)NC2COc3ccc(F)cc32)cc1,56,0.9455534911152096,0.189873417721519
CC1=C(C=CNS(=O)(=O)c2ccc(F)cc2C)C2C(=O)C2C1,56,0.9263763156969519,0.3333333333333333
Cc1cc(F)ccc1S(=O)(=O)NC=C1C=CCc2c1c2=O,56,0.9402903791725744,0.3188405797101449
CC1=C(C=CNS(=O)(=O)c2ccc(F)cc2C)c2c(c2=O)C1,56,0.9394253337939551,0.3382352941176471
Cc1cc(F)ccc1S(=O)(=O)NC=Cc1coc2c1C(=O)C2,56,0.9380242223529984,0.34782608695652173
Cc1cc(C(=O)NC2COc3ccc(F)cc32)ccc1N(C)C,56,0.9465105689174689,0.22077922077922077
Cc1oc2ccc(NS(=O)(=O)C3=CC=CC=CC3)cc2c1C([NH])=O,56,0.9200377066146153,0.46153846153846156
CC=C1CN(C)C(C(=O)NC2CCc3ccc(F)cc32)C=C1C,56,0.9093942684618594,0.18072289156626506
CNCC(=O)C1CCc2ccccc2OCC2CC3CC23C1,57,0.932484628535006,0.25609756097560976
CCNC(=O)C1CC2CC2Cc2cc3cccc(OC)c3n2C1,57,0.9466238036156035,0.24705882352941178
CN(C)C.Cc1ccc(CNC(=O)C2COc3ccc(F)cc3C2)cc1,57,0.9162649202204849,0.6612903225806451
CNCC(=O)C1CCc2cc3ccc2OCC3CC2CC2C1,57,0.9323795033569567,0.2625
CCNC(=O)C1CC(c2ccccc2OC)C(=O)CC2CC2C1,57,0.9292363821874066,0.23170731707317074
CCNC(=O)C1CCc2cc3ccc2OCC3CC2CC2C1,57,0.9098872828848283,0.3116883116883117
CCNC(=O)C1CC(c2ccccc2OC)C(=O)CC2CCC21,57,0.9292363821874066,0.1839080459770115
CCNC(=O)C1CN(c2ccccc2OC)C(=O)CC2CCC21,57,0.9263335879187616,0.18181818181818182
CNCC(=O)C1CC(c2ccccc2OC)C(=O)CC2CC2C1,57,0.9071702886935068,0.18823529411764706
CCNC(=O)C1CC2CC2CCN(c2ccccc2OC)C1,57,0.9295387451757957,0.21428571428571427
O=C(NS(=O)(=O)c1ccc2[nH]ccc2c1)C1CCCC1,58,0.9095423786838729,0.19480519480519481
COc1ccccc1CCC(=O)N1NC(=O)N2C[C@@H](C)CC2C1=O,58,0.9026857319467798,0.25925925925925924
CCC(=O)N1C=CCCCC(NC(=O)c2ccoc2)CC1OC,58,0.925588762125754,0.16666666666666666
CCC(=O)N1C[CH]CCCC(NC(=O)c2cc[pH]p2)CC1OC,58,0.9007384144535105,0.17777777777777778
CC12CCC(=O)N1C=CCCCC(NC(=O)c1ccoc1)C2,58,0.9134278821820033,0.19318181818181818
O=C(NS(=O)(=O)c1ccc2c(c1)C=CC2)C1CCCC1,58,0.9287274816228165,0.16455696202531644
CCC(=O)N1C=CCCCC(NC(=O)c2ccoc2)CC1C,58,0.9330543401497039,0.14772727272727273
CCC(=O)N1C[CH]CCCC(NC(=O)c2ccoc2)CC1C,58,0.9337218976225734,0.1590909090909091
CC1CCCC1C(=O)NS(=O)(=O)c1ccc2[nH]ccc2c1,58,0.913649811619556,0.18292682926829268
C[CH]c1ccccc1C1[CH][C@@H]1C(=O)NN1C(=O)OC2(CCCCC2)C1=O,58,0.9020106755573725,0.3037974683544304
CCC(=O)N1C[CH]CCCC(NC(=O)c2ccoc2C)C1C,58,0.9336332242083937,0.16091954022988506
CCc1ccccc1C1[CH][C@@H]1C(=O)NN1C(=O)OC2(CCCCC2)C1=O,58,0.9010119400399317,0.3076923076923077
CCC(=O)N1C[CH]CCCC(NC(=O)c2ccoc2)CC1OC,58,0.9239142823768152,0.1797752808988764
CCc1ccccc1[C@@H]1[CH][C@@H]1C(=O)NN1C(=O)OC2(CCCCC2)C1=O,58,0.9010119400399317,0.3076923076923077
O=C(NC1CCCC=CN2C(=O)CCC2C1)c1ccoc1,58,0.9089249271636552,0.16091954022988506
CCC(=O)N1C=CCCCC(NC(=O)c2ccoc2)CC1,58,0.9306387002890487,0.14772727272727273
CCC(=O)N1C[CH]CCCC(NC(=O)c2cc[pH]c2)CC1C,58,0.9290768480283109,0.14606741573033707
CC(=O)[C@H]1C[CH][C@@H](NS(=O)(=O)c2ccc3c(c2)CCO3)C1,59,0.9140489625170719,0.6071428571428571
CC1=CC=C[C@H](NS(=O)(=O)c2cc3cc(c2Cl)O3)CO1,59,0.9456352413007966,0.2608695652173913
CC(F)=C1CC[C@H](NS(=O)(=O)c2ccc3c(c2)CCO3)C1,59,0.9335477265844401,0.5
CC(C)=C1C=C[C@H](NS(=O)(=O)c2ccc3c(c2)CCO3)C1,59,0.9335232681816452,0.5892857142857143
O=S(=O)(N[C@H]1C=CC=C(F)C1)c1cc2cc(c1Cl)O2,59,0.9481303540586512,0.2318840579710145
CC1=CC=C[C@H](NS(=O)(=O)c2cc3cc(c2C)O3)CO1,59,0.942285369917588,0.26865671641791045
Cc1c2cc(cc1S(=O)(=O)N[C@@H]1C=CC=C(F)CC1)O2,59,0.9468546332573428,0.24285714285714285
CC1=CC=C[C@@H](NS(=O)(=O)c2cc3cc(c2C)O3)CO1,59,0.942285369917588,0.26865671641791045
Cc1c2cc(cc1S(=O)(=O)N[C@H]1C=C[CH]C(C)C1)O2,59,0.9383879354444835,0.2727272727272727
O=S(=O)(N[C@@H]1C=CC=CCC1)c1cc2cc(c1Cl)O2,59,0.9472983120806756,0.23529411764705882
CC=C1C=C[C@H](NS(=O)(=O)c2ccc3c(c2)CCO3)C1,59,0.9283499300663586,0.5614035087719298
CC(=O)[C@H]1C[CH][C@H](NS(=O)(=O)c2ccc3c(c2)CCO3)C1,59,0.9140489625170719,0.6071428571428571
CC1=CC=C[C@@H]1NS(=O)(=O)c1cc2cc(c1C)O2,59,0.9237915933406403,0.19402985074626866
Cc1c2cc(cc1S(=O)(=O)N[C@@H]1C=CC=CCC1)O2,59,0.9380256349101616,0.23529411764705882
CC(C)=C1C=C[C@@H](NS(=O)(=O)c2ccc3c(c2)CCO3)C1,59,0.9335232681816452,0.5892857142857143
[3H]C(F)=C1C[CH][C@H](NS(=O)(=O)c2ccc3c(c2)CCO3)S1,59,0.9300587244824856,0.4603174603174603
O=S(=O)(N[C@@H]1C=CC(=C(F)F)C1)c1ccc2c(c1)CCO2,59,0.9319552552931627,0.5892857142857143
CC(C)(C)NC(=O)ON1CCCc2c(cnn2CC(F)F)CC1=O,60,0.9086296128554184,0.3333333333333333
CC(C)Cn1ncc2c1C=CCN(CC(=O)NC(C)(C)C)C(=O)C2,60,0.9148741792425258,0.3188405797101449
CC(C)Cn1ncc2c1C=CCN(OC(=O)NC(C)(C)C)C(=O)C2,60,0.9205657592156746,0.2638888888888889
CC(F)Cn1ncc2c1CCC(C(=O)CC(C)(C)C)NC(=O)O2,60,0.9234330077335606,0.22077922077922077
CC(F)Cn1ncc2c1C=CCN(CC(=O)NC(C)(C)C)C(=O)C2,60,0.907126337129791,0.34782608695652173
CC(C)(C)NC(=O)CN1CC=Cc2c(cnn2CC(F)F)CC1=O,60,0.9023201970767551,0.3939393939393939
CC(F)Cn1ncc2c1C=CCN(OC(=O)NC(C)(C)C)C(=O)C2,60,0.9153437351987506,0.2916666666666667
CC(F)Cn1ncc2c1CCCN(CC(=O)NC(C)(C)C)C(=O)C2,60,0.9040054046392898,0.34285714285714286
CCn1c(C)c(NC(C)(C)C(C)(C)C)c(=O)n1-c1ccccn1,61,0.937414544373179,0.1643835616438356
CCCN(C(=O)C1=CC=CCNN(C)CN=C1)c1cccc2ccccc12,61,0.9049023997058733,0.42028985507246375
Cc1c(NC(C)(C)C(C)(C)C)c(=O)n(-c2ccccn2)n1C,61,0.9475070629873599,0.125
CC(=O)NCC1=CC=CC(=O)N(c2ccccccc3cc2-3)CCC1,61,0.9332555962759658,0.2236842105263158
CCC1C(CNC(C)=O)=CC=CC(=O)N1c1cccc2ccccc12,61,0.9288769026365394,0.36363636363636365
Cc1c(NC(C)(C)C(C)(C)C)c(=O)n(-c2ccccc2)n1C,61,0.9381130095874348,0.13432835820895522
CCCN(C(=O)C1=CC=CCNN(C)COC1)c1cccc2ccccc12,61,0.9008635428789021,0.4411764705882353
CC(=O)NCC1=CC=CC(=O)N(c2cccc3ccccc23)CCC1,61,0.9324664943487877,0.3333333333333333
CCC1C(CNC(C)=O)=CC=CC(=O)N1c1ccccccccc1,61,0.9138918556787369,0.2923076923076923
CC(=O)NCC1=CC=CC(=O)N(c2ccccccccc2)CCC1,61,0.9174249863980027,0.2463768115942029
CCCN1C(=O)C=CC(=CCNC(C)=O)c2ccccccccc21,61,0.9123740325142972,0.24285714285714285
CCc1nn(C)cc1NC(=O)OC1=C(C)Cc2ccccc21,62,0.9427351155855188,0.15492957746478872
CCC1CN(C)C=C1NC(=O)OC1c2ccccc2CN1C,62,0.9320664041988972,0.17142857142857143
CCC(C(C)C)N1CCCNc2c(n(C)n(-c3ccccc3)c2=O)C1,62,0.9274960341162721,0.2727272727272727
Cc1c(NC(=O)C([S](C)C)C(C)(C)C)c(=O)n(-c2ccccc2)n1C,62,0.9065408250047222,0.5192307692307693
Cc1c(NC(=O)C(C)(C)CC(C)(C)C)c(=O)n(-c2ccccc2)n1C,62,0.9155825960023624,0.54
CCCC(C)(C)N1CCONc2c(n(C)n(-c3ccccc3)c2=O)C1,62,0.9265079541507806,0.328125
CCc1nn(C)cc1NC(=O)OC1c2ccccc2CN1C,62,0.946499592633038,0.1527777777777778
CCCC(C)(C)N1CCCNc2c(n(C)n(-c3ccccc3)c2=O)C1,62,0.9261794927412961,0.3333333333333333
CCc1ccccc1COC(=O)Nc1cn(C)nc1CC,62,0.9176775394360045,0.15384615384615385
Cc1c(NC(=O)C(C(C)C)C(C)(C)C)c(=O)n(-c2ccccc2)n1C,62,0.9192084176454789,0.54
CCC1CN(C)C=C1NC(=O)OC1=C(C)Cc2ccccc21,62,0.928139319112525,0.17142857142857143
CCc1nn(C)cc1NC(=O)OCC1CC=CC=C1C,62,0.9184494102729455,0.12
CCC1CN(C)C=C1NC(=O)OCc1c#cccc1,62,0.9008499957274463,0.136986301369863
CCc1nn(C)cc1NC(=O)[CH]CC1CCCC=C1C#N,62,0.9038873227381646,0.1
CCc1nn(C)cc1NC(=O)CC1CCCC=C1C#N,62,0.9152784427084771,0.1038961038961039
CCC1CN(C)C=C1NC(=O)OC1=NCc2ccccc21,62,0.9079622400915534,0.1506849315068493
CCc1nn(C)cc1NC(=O)C1Cc2ccccc2OCC1C,63,0.9477572921068066,0.3888888888888889
CCc1ccccc1OC(=O)Nc1cn(C)nc1CC,63,0.9305681954631829,0.5892857142857143
CCOc1ccccc1OC(=O)Nc1cn(C)nc1CC,63,0.9186033566704371,0.5423728813559322
CCc1nn(C)cc1NC(=O)Cc1ccccc1Br,63,0.940707733464984,0.5254237288135594
CCc1nn(C)cc1NC(=O)NCc1ccccc1Br,63,0.9008319414273694,0.6727272727272727
CCc1nn(C)cc1NC(=O)[C@@H]1Cc2ccccc2OCC1C,63,0.9477572921068066,0.3888888888888889
CCc1nn(C)cc1NC(=O)c1ccccc1Br,63,0.9472804729918803,0.4666666666666667
CCc1nn(C)cc1NC(=O)Oc1ccccc1Br,63,0.9418169892759843,0.5166666666666667
CCc1nn(C)cc1NC(=O)C1CCOc2ccccc2C1,63,0.9473831314818132,0.39436619718309857
CCc1ccccc1OC(=O)NC1=CN(C)N=CCC1,63,0.9209296614149218,0.30985915492957744
CCc1nn(C)cc1NC(=O)Nc1ccccc1Br,63,0.9095081734816974,0.5263157894736842
CCc1nn(C)cc1NC(=O)C1OCCOc2ccccc21,63,0.9423013093702819,0.4
CCC1CN(C)C=C1NC(=O)Cc1ccccc1Br,63,0.9239652498888032,0.25
CCc1ccccc1COC(=O)Nc1cn(C)nc1CC,63,0.9176775394360045,0.543859649122807
CCC1CN(C)C=C1NC(=O)C1Cc2ccc3cc2OCC31,63,0.9304976932973696,0.14942528735632185
CC1(O[C@H]2N=C2C(=O)Nc2ccc3c(c2)COC3)CCCCC1,64,0.9283077250775907,0.4393939393939394
CC1(O[C@H]2N=C2C(=O)Nc2cc3cc(c2)OC3)CCCCC1,64,0.9294392845825808,0.23376623376623376
COc1cc(C2CCC(O)C2c2ccccc2OC)ccn1,64,0.9421516775029177,0.1
COc1ccc(C2CCC(=O)N2c2ccccc2)c(O)c1,64,0.9401848723504952,0.1125
O=[C]c1ccccc1NC(=O)[C@@H]1[CH]CCOCCCCCC1,64,0.9318843236417998,0.21621621621621623
[C][C@@H]1OC2(CCCCC2)CN=C1C(=O)Nc1ccc2c(c1)COC2,64,0.9094013737820186,0.47692307692307695
CC1(O[C@H]2N=C2C(=O)Nc2ccc3c(c2)CO[C]3)CCCCC1,64,0.9292556813311067,0.3026315789473684
COc1cc(O)c(C2CCC(=O)N2c2ccccc2)cc1C,64,0.941779259522205,0.1111111111111111
CCN1CCSC(=O)CC(c2cc(OC)ccc2O)CC1,65,0.930197057816951,0.3787878787878788
CCOC1C(C)=CC(=O)C[C@@H]1c1cc(OC)ccc1O,65,0.918403621517111,0.45
CCOC1=C(C)[CH]C(=O)C[C@H]1c1cc(OC)ccc1O,65,0.9174703257659679,0.4576271186440678
CCOC1C(C)SC(=O)CC1c1cc(OC)ccc1O,65,0.9254989512451522,0.41935483870967744
Cc1cccc(C(=O)NCC2CC(=O)N(c3ccccc3)C2)c1,65,0.9439605454807551,0.17105263157894737
CCN1C=CC(c2cc(OC)ccc2OC)CC(=O)NCC1,65,0.9257784861575793,0.3
C=CC=C1C2=CN1C(=O)CC(CNC(=O)c1cccc(C)c1C)C2,65,0.9249621027819057,0.14634146341463414
CCOC1(C)CSC(=O)CC1c1cc(OC)ccc1O,65,0.9254956361869887,0.43548387096774194
CCOC1=C(C)SC(=O)C[C@H]1c1cc(OC)ccc1O,65,0.921837752885201,0.4426229508196721
CCOC1(C)CNC(=O)C[C@@H](c2cc(OC)ccc2OC)C1,65,0.9078181570385493,0.36363636363636365
CCN1CSC(=O)CC(c2cc(OC)ccc2O)C1C,65,0.9289749220173922,0.390625
CCOCC1C(C)=CC(=O)C[C@H]1c1cc(OC)ccc1O,65,0.9052171020058847,0.4426229508196721
O=C(N[C@@H]1[CH]N(c2cccc(F)c2)C(=O)C1)C1=Cc2ccccc2OC1,66,0.9249772505537821,0.3684210526315789
O=C(N[C@H]1CC(=O)N(c2cccc(F)c2)C1)C1=Cc2ccccc2CC1,66,0.9248391769567929,0.5692307692307692
COc1ccccc1NC(=O)c1ccn(F)c1Cl,66,0.9292876237299386,0.16883116883116883
COc1ccccc1NC(=O)c1ccn(Cl)c1Cl,66,0.938742979560469,0.15584415584415584
O=C(N[C@H]1CC(=O)N(c2cccc(F)c2)C1)C1=Cc2ccccc2OC1,66,0.9234937886789215,0.5757575757575758
COc1ccccc1NC(=O)c1ccn(Cl)c1F,66,0.9301034558941159,0.18421052631578946
O=C(N[C@H]1CC(=O)N(c2cccc(F)c2)C1)C1=CC2=CC=CCC2OC1,66,0.9058541075977865,0.5277777777777778
O=C(N[C@@H]1[CH]N(c2cccc(F)c2)C(=O)C1)C1=Cc2ccccc2CC1,66,0.9248094522956949,0.36
COc1ccccc1NC(=O)c1cc2c(cc1Cl)CC2=O,67,0.9457042277073052,0.463768115942029
O=C(NC1=CC=CC=COC1)c1cc2c(cc1Cl)CC2,67,0.9073030318729682,0.22784810126582278
COc1ccccc1NC(=O)c1cc2c(cc1Cl)CC2,67,0.934629048790595,0.5238095238095238
COc1ccccc1NC(=O)c1ccc(N2CCCCCC2=O)cc1F,67,0.900958277544104,0.4931506849315068
COC1CC=CC=C1NC(=O)c1cc2c(cc1Cl)CC2=O,67,0.9337680671838363,0.23529411764705882
Cc1cccc(C2(O)C(=O)N(C[C]3C=C([O-])CCC3)c3ccccc32)c1,68,0.9281301958840933,0.5
O=C1N(Cc2cccc([O-])c2)c2ccccc2C1(O)C1=CCCC(F)=C1,68,0.9252810861492794,0.5245901639344263
CCc1ccc([NH+]2[CH]CCC2)cc1On1cc(Cl)cn1,68,0.9379294814688047,0.11842105263157894
C=C1N(C[C]2[C]C[C]C([O-])=C2)c2ccccc2[C@@]1(O)c1cccc(F)c1,68,0.9304985268634296,0.4838709677419355
C=C1N(C[C]2C=C([O-])C=CC2)c2ccccc2[C@]1(O)c1cccc(C)c1,68,0.9296600213708427,0.373134328358209
C=C1N(C[C]2[C]C=CC([O-])=C2)c2ccccc2[C@@]1(O)c1cccc(C)c1,68,0.9333757343809854,0.35294117647058826
O=C1N(C[C]2C=C([18F])C=CC2)c2ccccc2[C@]1(O)c1cccc(F)c1,68,0.9138609301051457,0.6666666666666666
CCc1ccc([NH+]2CCCC2)cc1On1cc(Cl)cn1,68,0.9371171405693237,0.1232876712328767
CCc1cc2c(cc1On1cc(Cl)cn1)[NH+]CCCC2,68,0.9424657065508133,0.11688311688311688
O=C1N(C[C]2C=C([18F])CCC2)c2ccccc2[C@@]1(O)c1cccc(F)c1,68,0.905391931431977,0.6792452830188679
Cc1cccc([C@@]2(O)C(=O)N(C[C]3C=C([O-])CCC3)c3ccccc32)c1,68,0.9281301958840933,0.5
COc1cc2c(cc1On1ccc(Cl)c1)[NH+]CCCC2,68,0.9427645682758065,0.09090909090909091
O=C1N(C[C]2C=C([O-])CCC2)c2ccccc2[C@]1(O)c1cccc(F)c1,68,0.9236488671337546,0.6545454545454545
O=C1N(C[C]2C=C([O-])CCC2)c2ccccc2[C@@]1(O)c1cccc(F)c1,68,0.9236488671337546,0.6545454545454545
C=C1N(C[C]2C=C([O-])C=CC2)c2ccccc2[C@@]1(O)c1cccc(F)c1,68,0.9276416744146107,0.5081967213114754
O=C1N(CC2=CCCC([O-])=C2)c2ccccc2[C@@]1(O)c1cccc(F)c1,68,0.924377382163538,0.631578947368421
O=C1N(C[C]2C=C([O-])C=CC2)c2ccccc2[C@@]1(O)c1cccc(F)c1,68,0.9238718841305871,0.6428571428571429
Cc1cccc([C@]2(O)C(=O)N(C[C]3C=C([O-])C=CC3)c3ccccc32)c1,68,0.9287633112308661,0.4838709677419355
O=C1N(C[C]2C=C([O-])C=CC2)c2ccccc2[C@]1(O)c1cccc(F)c1,68,0.9238718841305871,0.6428571428571429
C=C1N(C[C]2[C]CCC([O-])=C2)c2ccccc2[C@@]1(O)c1cccc(F)c1,68,0.9281091878207987,0.47619047619047616
CCC1=CCC([NH+]2[CH]CCC2)C=C1On1cc(Cl)cn1,68,0.9177927524885171,0.07228915662650602
O=C1N(C[C]2C=C([18F])CCC2)c2ccccc2[C@]1(O)c1cccc(F)c1,68,0.905391931431977,0.6792452830188679
O=C1N(CC2C=C([O-])C=CC2)c2ccccc2[C@@]1(O)c1cccc(F)c1,68,0.9232976420150196,0.5666666666666667
O=C1N(C[C]2C=C([O-])C=CC2)c2ccccc2C1(O)c1cccc(F)c1,68,0.9238718841305871,0.6428571428571429
COc1ccc([NH+]2CCCC2)cc1On1ccc(Cl)c1,68,0.9366995047342269,0.08108108108108109
COc1cc2c(cc1On1cc(Cl)cn1)[NH+]CCCC2,68,0.9370938530640942,0.08974358974358974
COc1cccc2c1C(COc1ncccc1Cl)[NH2+]C2C,69,0.943931273790419,0.359375
COc1cccc2c1C(Oc1ncccc1Cl)C[CH]C2[NH3+],69,0.9482859098554332,0.31343283582089554
COc1cccc2c1C(COc1ncccc1Cl)[C]([NH2+])C2,69,0.939954546053491,0.375
COc1cccc2c1C(Oc1ncccc1Cl)CNC2[NH3+],69,0.9053784155240964,0.3088235294117647
COc1cccc2c1C(COc1ncccc1Cl)C([NH2+])C2,69,0.9377914169171759,0.359375
COc1cccc2c1C(Oc1ncccc1Cl)C[NH2+]C2C,69,0.9476067532848015,0.31343283582089554
CC[NH2+]CC1Oc2nccc(c2Cl)-c2c(OC)cccc21,69,0.9435438135969967,0.21621621621621623
COc1cccc2c1C(C)[NH2+]CC2Oc1ncccc1Cl,69,0.9476067532848015,0.31343283582089554
O=c1c2c1[C@@H]([C@H](O)/C=C/c1ccco1)CCC[CH]CC2,70,0.9332717978480578,0.38333333333333336
O=c1c2c1[C@@H]([C@H](O)/C=C/c1ccco1)CCCCCC2,70,0.9332413080134698,0.42857142857142855
Cc1ccc(Oc2ccc(C(=O)N3CC[NH+](C)C3)cc2)cc1,70,0.9357381842324671,0.13846153846153847
Cc1ccc(Oc2ccc(C(=O)N3CC[NH+](C)C3)cc2)cc1C,70,0.9408872803462314,0.13043478260869565
C[CH]c1cc(Oc2ccc(C(=O)N3CC[NH+](C)C3)cc2)ccc1C,70,0.9361743375940008,0.136986301369863
Cc1ccc(Oc2ccc(C(=O)N3CC[NH+]CC3)cc2)cc1,70,0.9347230567911928,0.14516129032258066
O=c1c2c1[C@@H]([C](O)/C=C/c1ccco1)CCCCCC2,70,0.9251223492897397,0.45454545454545453
O=c1c2c1[C@@H]([C](O)/C=C/C1CC=CO1)CC[CH][CH]CC2,70,0.9191231979985444,0.15714285714285714
O=c1c2c1[C@@H]([C](O)/C=C/c1ccco1)CCC[CH]CC2,70,0.9277019733512033,0.4067796610169492
CC12CCC[CH][C@H]1CCN2[C@H](O)/C=C/c1ccco1,70,0.9070351721876945,0.3492063492063492
CCc1cc(Oc2ccc(C(=O)N3CC[NH+](C)C3)cc2)ccc1C,70,0.9356515340501808,0.1232876712328767
CCc1cc(Cc2c3nc(N)nc2OC(C)C=N3)ccc1C,71,0.9445583120871013,0.11392405063291139
CN1CCC(CNC(=O)c2ccc3c(c2)C[CH]C(C)(C)C=CO3)C1,71,0.9276226174189647,0.2876712328767123
CC(=O)[C]1C=Cc2cc(C(=O)NC[C@H]3[CH]CN(C)C3)ccc2OC=CC1,71,0.9050593111351352,0.2894736842105263
CCc1cc(Cc2c3nc(N)nc2OCCC=N3)ccc1C,71,0.9445531899467907,0.12658227848101267
CN1CC[C@H](CNC(=O)c2ccc3oc4ccc(ccc3c2)C(=O)C4)C1,71,0.9243691254486619,0.3055555555555556
CCc1cc(Oc2c3nc(N)nc2OC(C)C=N3)ccc1C,71,0.9404155370802103,0.15584415584415584
CCc1cc(Oc2c3nc(N)nc2OCCC=N3)ccc1C,71,0.9404041438764683,0.16883116883116883
CC(=O)[C]1C=Cc2cc(C(=O)NC[C@H]3CCN(C)C3)ccc2OC=CC1,71,0.9042589842399464,0.3472222222222222
CN1C[CH][C@H](CNC(=O)c2ccc3c(c2)C[CH]C(C)(C)C=CO3)C1,71,0.9285356139605071,0.23376623376623376
CN1C[CH]C(CNC(=O)c2ccc3c(c2)C[CH]C(C)(C)C=CO3)C1,71,0.9285356139605071,0.23376623376623376
CC1[CH]Cc2cc(C(=O)NCC3CCN(C)C3)ccc2OC=CC1,71,0.9276226174189647,0.28
CC(=O)[C]1[CH]Cc2cc(C(=O)NC[C@H]3CCN(C)C3)ccc2OC=CC1,71,0.9028522889079004,0.3472222222222222
C=Cc1cc(Oc2c3nc(N)nc2OC(C)C=N3)ccc1C,71,0.9393397699420953,0.125
Cc1ccccc1C1=NC(N)CC(OCc2ccc(F)c(F)c2)=N1,72,0.9388385876573769,0.28
CNC(=O)c1nn(CN2CCC(C)CC2C)c2ccccc12,72,0.9471477469217463,0.11627906976744186
CNC(=O)c1nn(CN2CCCCCC2C)c2ccccc12,72,0.9477299147323198,0.10344827586206896
Cc1ccccc1C1=NC(N)CC(COc2ccc(F)c(F)c2)=N1,72,0.9360209708741458,0.352112676056338
Cc1ccccc1C1=NC(N)CC(COc2ccc(F)c(Cl)c2)=N1,72,0.9171050540792914,0.45588235294117646
Cc1ccccc1C1CC(N)=NC(COc2ccc(F)c(F)c2)=N1,72,0.9322742703726972,0.37681159420289856
CNC(=O)c1nn(CN2CCCC(C)C2C)c2ccccc12,72,0.9471477469217463,0.10344827586206896
Cc1ccccc1C1CC(N)CC(COc2ccc(F)c(F)c2)=N1,72,0.9223734472886529,0.35714285714285715
CNC(=O)c1nn(CN2CCCC(C)CC2)c2ccccc12,72,0.9471558839496613,0.10344827586206896
NC(=O)c1c(F)cccc1Sc1cccc(Cl)c1,73,0.9314210167763789,0.10256410256410256
Cc1cccc2c1CN(c1cccc(C)c1C(N)=O)C2,73,0.9080821537281392,0.2647058823529412
Cc1cccc(N2Cc3cccc(Cl)c3C2)c1C(N)=O,73,0.9208652178803572,0.25
Cc1c(Cl)cccc1Sc1cccc(F)c1C(N)=O,73,0.9284966217564101,0.14864864864864866
NC(=O)c1c(F)cccc1Cc1cccc(Br)c1,74,0.9288453364388295,0.38
NC(=O)c1c(F)cccc1Oc1ccc(Br)cn1,74,0.9476545212412645,0.3333333333333333
NC(=O)c1c(F)cccc1Oc1ccc(Br)cc1,74,0.9433776980754485,0.3673469387755102
NC(=O)c1c(F)cccc1Oc1c#cc(Br)cc1,74,0.9471149382949704,0.33962264150943394
NC(=O)c1c(F)cccc1Nc1cccc(Br)c1,74,0.9124072936633021,0.725
NC(=O)c1c(F)cccc1Nc1ccc(Br)cn1,74,0.9157726656845888,0.5
NC(=O)c1c(F)cccc1Nc1c#cc(Br)cc1,74,0.9155418362140246,0.5106382978723404
Cc1c#cc(Oc2cccc(F)c2C(N)=O)cc1,74,0.900417795578471,0.33962264150943394
Cc1cccc(Oc2cccc(F)c2C(N)=O)c1,74,0.9031414142804984,0.38
Cc1ccc(Oc2cccc(F)c2C(N)=O)cc1,74,0.9031414142804984,0.3673469387755102
COc1cccc(C[S]2CCC(O)c3ccccc32)n1,75,0.9414426236428056,0.18181818181818182
CC1=CCCCC=C1n1[nH]n1C(=O)CC1CCC2(CC1)OCCO2,75,0.9199369048282773,0.26744186046511625
COc1cccc(C[S]2CCC([NH3+])c3ccccc32)n1,75,0.9435344422023816,0.14285714285714285
CC1=CCC=CC=C1n1[nH]n1C(=O)C[C]1CCC2(CC1)OCCO2,75,0.9249292092868372,0.25
COc1cccc([C][S]2CCC(O)c3ccccc32)n1,75,0.9415554207714378,0.17045454545454544
CC1=CCC=CC=C1n1[nH]n1C(=O)[CH]C1CCC2(CC1)OCCO2,75,0.9259683625730417,0.2222222222222222
CC1=CCCCC=C1n1[nH]n1C(=O)C[C]1CCC2(CC1)OCCO2,75,0.9211803995478723,0.2558139534883721
COc1cccc(C[C]2CCC(O)c3ccccc32)n1,75,0.9298314106393575,0.2
CC1=CCC=CC=C1n1[nH]n1C(=O)[C][C]1CCC2(CC1)OCCO2,75,0.9277321588949932,0.2087912087912088
CC1=CCCCC=C1n1[nH]n1C(=O)[CH]C1CCC2(CC1)OCCO2,75,0.9229918145433624,0.2247191011235955
CC1=CCC=CC=C1n1[nH]n1C(=O)CC1CCC2(CC1)OCCO2,75,0.9239727332656164,0.26136363636363635
Cc1c(C2=CCC(OC3CC3)=NN2)cccc1S(C)(=O)=O,76,0.9295690179050073,0.22580645161290322
Cc1c(Nc2cc(C3CC3)ncn2)cccc1S(C)(=O)=O,76,0.9400054528742237,0.1935483870967742
CS(=O)(=O)c1cccc(C2CCC(OC3CC3)=NN2)c1,76,0.9256538758677655,0.23728813559322035
CS(=O)(=O)c1cccc(Nc2cc(C3CC3)ncn2)c1,76,0.935933484155847,0.2
CS(=O)(=O)C1=CCCC(Nc2cc(C3CC3)ncn2)=C1,76,0.921745910347024,0.13846153846153847
O=S1(=O)CCc2c(-c3ccc(NC4CC4)nc3)cccc21,76,0.9464638183282768,0.15625
CS(=O)(=O)c1cccc(C2CCC(OC3CC3)=NN2)n1,76,0.9114037762981669,0.2542372881355932
Cc1c(-c2ccc(NC3CC3)nc2)cccc1S(C)(=O)=O,76,0.9428180384958535,0.15873015873015872
CS(=O)(=O)c1cccc(-c2ccc(NC3CC3)nc2)c1,76,0.9394711598644689,0.16393442622950818
O=C(Nc1cccc2c1CCS(=O)(=O)C=CC=C2F)C1CC1,77,0.9108291006096179,0.2876712328767123
C=Cc1c(NC(=O)C2CC2)cccc1C1=C2C=CS(=O)(=O)CC21,77,0.924443824767373,0.25
CCCC(=O)Nc1cccc2c1CC1CC2=CC=CS1(=O)=O,77,0.931631882142047,0.18518518518518517
CCCC(=O)Nc1cccc2c1CC1C3C(=C23)C=CS1(=O)=O,77,0.932503866583565,0.1566265060240964
C=Cc1c(NC(=O)C2CC2)cccc1C1=C2C=CS(C)(C)(=O)C21,77,0.9208480772687535,0.28
[CH]Cc1c(NC(=O)C2CC2)cccc1C1=C2C=CS(C)(C)(=O)C21,77,0.923790315739535,0.2631578947368421
CC1=CC=CS(=O)(=O)CCc2c(NC(=O)C3CC3)cccc21,77,0.9119571688146679,0.2702702702702703
C=Cc1c(NC(=O)C2CC2)cccc1C1=CC=CS(=O)(=O)C[CH]C1,77,0.9091969924878074,0.25316455696202533
O=C(Nc1cccc2c1CC1C3C(=C23)C=CS1(=O)=O)C1CC1,77,0.9109053027932924,0.23684210526315788
O=C(Nc1cccc2c1CC1CC2=CC=CS1(=O)=O)C1CC1,77,0.9123933392665128,0.273972602739726
O=C(NC1=CC=CCC2=NN=CC2=C1)c1ccc(N2CCOCC2)cc1,78,0.9124499965188693,0.4117647058823529
Cc1cccc2c1CC[CH]N2CC(=O)NN1CCCCC1,78,0.9267214416385677,0.18181818181818182
Cc1cccc2c1CCCN2CC(=O)NC1CCCCS1,78,0.9310683709317088,0.15853658536585366
O=C1NC2=C(C(=CCC3=NN=CC3)C2)c2cc1ccc2N1CCOCC1,78,0.9127479026541013,0.1839080459770115
Cc1cccc2c1CC[CH]N2CC(=O)NC1CCCCC1,78,0.9233231224494298,0.16455696202531644
Cc1cccc2c1SCCN2CC(=O)NN1CCCCC1,78,0.9301610403820423,0.16666666666666666
Cc1cccc2c1CSCN2CC(=O)NN1CCCCC1,78,0.9306551959440243,0.16455696202531644
C=C(CN1[CH]CCc2c(C)cccc21)NN1CCCCC1,78,0.9137934464377622,0.1518987341772152
O=C(CN1[CH]CCc2c(Cl)cccc21)NN1CCCCC1,78,0.9325217755420595,0.1518987341772152
Cc1cccc2c1CCCN2CC(=O)NN1CCCCC1,78,0.9260838358562927,0.17333333333333334
O=C(NC1=CC2=CCC3=NN=CC3C21)c1ccc(N2CCOCC2)cc1,78,0.9101889394475453,0.375
O=C1NC2=CC(=CCC3=NN=CC3)C2c2cc1ccc2N1CCOCC1,78,0.9120680601258344,0.18181818181818182
O=C(CN1CCCc2c(F)cccc21)NC1CCCCS1,78,0.9316227747185605,0.12941176470588237
O=C(CN1CCSc2c(F)cccc21)NN1CCCCC1,78,0.9288513157643816,0.1375
Cc1ccccc1C[C]1[NH2+]CCCC1c1nnccc1C(C)C,79,0.9426455634649268,0.10256410256410256
Cc1ccccc1CC1[NH2+]CCCC1c1nn[nH+]cc1C(C)C,79,0.9353161567869589,0.12658227848101267
O=C(CN1CCCCCC1)N[C@@H]1CCSc2c(F)cccc21,79,0.9260347425187563,0.6226415094339622
Cc1ccccc1CC1[NH2+]CCCC1c1nnccc1C(C)C,79,0.9431869821671566,0.10126582278481013
O=C(CN1CCCCCC1)N[C@@H]1CCCc2c(F)cccc21,79,0.9298704107488959,0.3770491803278688
O=C(CN1CC[CH]c2c(F)cccc21)NN1CCCCCC1,79,0.9317516182040901,0.23880597014925373
O=C(CN1CCCCCC1)N[C@H]1CC[C]c2c(F)cccc21,79,0.9303829949220286,0.3709677419354839
CC(C)c1ccnnc1C1CCC[NH2+]C1Cc1ccccc1,79,0.9422623336605026,0.12
CC(C)c1ccnnc1C1CCC[NH2+][C]1Cc1ccccc1,79,0.9422106710531866,0.12162162162162163
Cc1cccc2c1[CH]CCN2CC(=O)NN1CCCCCC1,79,0.9319900477649112,0.16901408450704225
Cc1ccccc1CC1[NH2+]CCCC1c1cnccc1C(C)C,79,0.9190899114393392,0.11538461538461539
O=C(CN1CCSc2c(F)cccc21)NN1CCCCCC1,79,0.9275104586383032,0.3770491803278688
O=C(NN1CC[CH]c2c(F)cccc21)ON1CCCCCC1,79,0.9120350338922862,0.23880597014925373
CCCN1CC(=O)CCC1N[C@H]1CCSc2c(F)cccc21,79,0.921223194357725,0.42857142857142855
CC(C)C=CS1=NN1C1CCC[NH2+]C1Cc1cccc2c1C2,79,0.9020297845003216,0.10975609756097561
O=C(CN1CCCCCC1)NN1CC[CH]c2c(F)cccc21,79,0.9317516182040901,0.23880597014925373
O=C(CN1[CH]CCCCC1)N[C@H]1CCSc2c(F)cccc21,79,0.9243790058269857,0.5964912280701754
CC1CCCCC1CNC(=O)C1CC(c2cccnc2)=NO1,80,0.9291331506063956,0.1282051282051282
Cn1c(-c2cccnc2)cnc1C(=O)NCC1CCCCC1,80,0.9438960853685195,0.08860759493670886
CC1CNC(=O)CCCC1Cc1nc(-c2cccnc2)no1,80,0.9397295048146388,0.125
CC1CCCCC1CNC(=O)c1nc(C2C=CN=CC2)no1,80,0.9269155740245942,0.17105263157894737
CC1CCCCC1CNC(=O)c1nc(-c2cccnc2)no1,80,0.9385284679266671,0.12658227848101267
CC1CCCCC1CNC(=O)c1nc(C2=CN=CCC2)no1,80,0.9270153003025939,0.14102564102564102
O=C(NCC1CCCCC1)C1C=NC(c2cccnc2)=N1,80,0.9183094441944826,0.07692307692307693
CC1CCCCC1CNC(=O)c1nc(-c2cnccn2)no1,80,0.928862963379603,0.1282051282051282
CC1CCCCC1CNC(=O)c1nc(C2CCC=C=N2)no1,80,0.9268954296462273,0.15584415584415584
[CH]CC1C(C)=CC=C1NC(=O)c1ccc2c(c1)c(=O)ccn2C,81,0.9477456448204097,0.12643678160919541
CNC(=O)C1CCCC(c2nc(-c3ccccc3)no2)C1,81,0.9411811329683973,0.175
O=C(NCC1CCCCC1)c1nc(-c2ccccc2)no1,81,0.9371082982216069,0.3188405797101449
CC1CCCCC1NC(=O)c1nc(-c2cnccn2)no1,81,0.9252448894784193,0.47692307692307695
CC1CCCCC1NC(=O)c1nc(-c2ccccc2)no1,81,0.9407635166080949,0.2602739726027397
CC1CCCCC1NC(=O)c1nc(-c2ccccn2)no1,81,0.9368630641966209,0.3380281690140845
O=C(NCC1CCCCC1)c1nc(-c2ccccn2)no1,81,0.9332380555869186,0.39705882352941174
O=C1NCC(CC2CCOCC2)n2nc(-c3ccccc3)nc21,81,0.9415153314616888,0.17073170731707318
[CH]CC1C=C(NC(=O)c2ccc3c(c2)c(=O)ccn3C)CCC1,81,0.9472025949308562,0.1348314606741573
O=C(NCC1CCCCC1)c1nc(-c2cnccn2)no1,81,0.921680387120603,0.5573770491803278
Cn1ccc(=O)c2cc(C(=O)NC3=CC(CF)CC[CH]3)ccc21,81,0.9470525198181603,0.1348314606741573
O=C1NCCC(C2CCOCC2)Cn2nc(-c3ccccc3)nc21,81,0.9176806636862811,0.1728395061728395
O=C(NCC1CCCCC1)c1nc(-c2ccccc2)n[nH]1,81,0.9065720162751768,0.16666666666666666
Cc1ncc2c(n1)N(CC(=O)Nc1cccc(F)c1)CCC=C2,82,0.9466031242621191,0.20481927710843373
Cc1cccc(NC(=O)CN2CCCCc3cnc(C)nc32)c1,82,0.9468309445298099,0.19753086419753085
Cc1ncc2c(n1)N(CC(=O)Nc1cccc(Cl)c1)CCCC2,82,0.9384013439834574,0.2375
Cc1ncc2c(n1)N(CC(=O)Nc1cccc(F)c1)CCCC2,82,0.9461614707619963,0.2222222222222222
Cc1cccc(NC(=O)CN2CCC=Cc3cnc(C)nc32)c1,82,0.9468615096177884,0.18072289156626506
C=C1c2c(F)cccc2CC1C(=O)NC(C)c1cnc(C)nc1,82,0.9478456664342042,0.1728395061728395
C=C1CCCN(CC(=O)Nc2cccc(F)c2)c2nc(C)ncc21,82,0.9410352795278247,0.2
CC1=CCCN=C1c1cc(C2(F)CC2)ccc1C(=O)O,83,0.9161445364958284,0.20253164556962025
CC1=C(C)C2Oc3ccc(cc31)C2Cc1ccncc1C(N)=O,83,0.9474241338801771,0.14444444444444443
O=C(O)c1ccc(C2(F)CC2)cc1-c1cccnn1,83,0.9190121204841273,0.16455696202531644
NC(=O)c1cnccc1CC1c2ccc3c(c2)CCC1O3,83,0.9371166713547814,0.0967741935483871
CCc1ccnnc1C1CC(C2(F)CC2)=CC=C1C(=O)O,83,0.9248325222398065,0.13793103448275862
CC1Cc2cc3ccc2OC(C1)C3Cc1ccncc1C(N)=O,83,0.9479198485861262,0.11578947368421053
Cc1ccnnc1-c1cc(C2(F)CC2)ccc1C(=O)O,83,0.9320641303147842,0.175
CCc1ccnnc1-c1cc(C2(F)CC2)ccc1C(=O)O,83,0.9356699325320212,0.17073170731707318
CC1c2cc3ccc2OC(C3Cc2ccncc2C(N)=O)C1C,83,0.9475744886203391,0.11956521739130435
CC1Cc2cc3ccc2OC1C3Cc1ccncc1C(=O)O,83,0.9451238123527795,0.10752688172043011
O=C(O)c1ccc(C2(F)CC2)cc1-c1ncnc2c1CC2,83,0.9409395676344602,0.15853658536585366
O=C(O)c1ccc(C2(F)CC2)cc1-c1nc2ncc1CC2,83,0.9409395676344602,0.14285714285714285
Cc1cccnc1-c1cc(C2(F)CC2)ccc1C(=O)O,83,0.9252880884441228,0.189873417721519
O=C(O)c1ccc(C2(F)CC2)cc1-c1c#cccn1,83,0.9167280111604899,0.14634146341463414
O=C(O)c1ccc(C2(F)CC2)cc1C1CC=NC2=C1C2,83,0.91337889040733,0.14285714285714285
CC1Cc2c(ncn2CC(=O)NC(C)c2ccccc2)S1,84,0.9443556329103423,0.140625
CC(NC(=O)Cn1cnc2c1C1CCC1S2)c1ccccc1,84,0.9432102221519018,0.15151515151515152
CC(NC(=O)Cn1cnc2c1C1=CCC1S2)c1ccccc1,84,0.9439141450386632,0.13432835820895522
CC(NC(=O)Cn1cnc2c1C(C)C(C)S2)c1ccccc1,84,0.9408769692757829,0.16129032258064516
Cc1sc2ncn(NC(=O)C(C)C)c(=O)c2c1C(C)C,84,0.9457940414791359,0.11666666666666667
CC1Sc2ncn(CC(=O)NC3C=CC=CC=CC3)c2C1C,84,0.9323995094398013,0.12121212121212122
Cc1sc2ncnc(NCC(=O)N3CCCCC3)c2c1C,84,0.9470086694053661,0.1111111111111111
Cc1sc2ncn(CC(=O)NC3C=CC=CC=CC3)c2c1C,84,0.9450996064836935,0.12121212121212122
CC=C1C=CC=C(NC(=O)Cn2cnc3c2C(C)C(C)S3)C1,84,0.9298496089371061,0.11428571428571428
CC=C1C=CC=C(NC(=O)Cn2cnc3sc(C)c(C)c32)C1,84,0.9404891549631386,0.11594202898550725
CC1=CC2=C(C1)N=CN(CC(=O)N[C@H](C)c1ccccc1)CCC2=O,85,0.9188413326105551,0.3157894736842105
CC1=Cc2c(ncn(CC(=O)N[C@@H](c3ccccc3)C(C)C)c2=O)C1,85,0.9122655603965738,0.5873015873015873
Cc1cc2c(s1)N=CN(CC(=O)N[CH]c1ccccc1)CCCC2=O,85,0.9160845222343368,0.25301204819277107
CC(=O)n1c(Cl)ccc1C(C)NC(=O)c1ccco1,85,0.9400608946058377,0.21621621621621623
Cc1cc2c(=O)n(CC(=O)N[C@@H]3CC=CC=C(C(C)C)C3)cnc2s1,85,0.913923996623132,0.34177215189873417
CC(=O)Cn1c(Cl)ccc1C(C)NC(=O)c1ccco1,85,0.9219967054270122,0.2236842105263158
Cc1cc2c(s1)N=CN(CC(=O)N[C@H](C)c1ccccc1)CCC2=O,85,0.9132080642026392,0.36486486486486486
CC1=C(C)c2c(ncn(CC(=O)N[C@@H](c3ccccc3)C(C)C)c2=O)C1,85,0.900144412353473,0.5873015873015873
CC1=C(C)C2=C(C1)N=CN(CC(=O)N[C@H](C)c1ccccc1)CCC2=O,85,0.9062785807450782,0.3157894736842105
CC(NC(=O)c1cc(C2=CC=CC2)on1)c1ccc(Cl)s1,86,0.9170618375162647,0.5079365079365079
CC(NC(=O)c1cc(-c2ccco2)[nH]n1)C1=CC=C(Cl)C1,86,0.9105698246840149,0.65
C[C@H](NC(=O)c1cc(C2=CCN=C2)on1)c1ccc(Cl)s1,86,0.9386136238798163,0.49230769230769234
C[C@H](NC(=O)c1cc(-c2ccco2)[nH]n1)C1=CCC(Cl)=N1,86,0.9106402478367802,0.639344262295082
Cc1ccc([C@H](C)NC(=O)c2cc(C3=CCN=C3)on2)s1,86,0.9435861693885548,0.37142857142857144
Cc1ccc(C(C)NC(=O)c2cc(C3=CCN=C3)on2)s1,86,0.9435861693885548,0.37142857142857144
Cc1ccc(C(C)NC(=O)C2=NOC(c3ccco3)C2)s1,86,0.9418435684936792,0.38028169014084506
CC(NC(=O)c1cc(-c2ccco2)on1)C1=CC=CCS1,86,0.9386820743975074,0.4057971014492754
CC(NC(=O)C1=NOC(c2ccco2)C1)c1ccc(Cl)s1,86,0.9324719965417625,0.5
C[C@H](NC(=O)c1cc(C2=CC=CC2)on1)c1ccc(Cl)s1,86,0.9170618375162647,0.5079365079365079
C[C@@H](NC(=O)CC=C(F)C1C=NCC1)c1cc(Cl)ns1,86,0.9059939578063683,0.21951219512195122
C[C@H](NC(=O)c1cc(-c2ccco2)on1)C1=CC=CCS1,86,0.9386820743975074,0.4057971014492754
C[C](C)C(=O)N[C@@H](C)C1=NN=C[C](C)c2ccc3cc2N1CCCO3,87,0.9199201148665862,0.18478260869565216
CC(C)C(=O)N[C@H](C)c1nnc2n1CCCOc1ccc(cc1F)C2C,87,0.9126800753968135,0.32926829268292684
CC1(C)CCCCCN(Cc2ccc(F)c3c(=O)c23)C(=O)N1,87,0.926662302631443,0.12790697674418605
C[C]1C=NN=C([C@H](C)NC(=O)C(C)C)N2CCCOc3ccc1c2c3,87,0.9191844008412524,0.2558139534883721
CC1(C)N=CCCCN(Cc2ccc(F)c3c(=O)c23)C(=O)N1,87,0.9252540105543436,0.16470588235294117
CC(C)C(=O)N[C@@H](C)C1=NN=CC(C)c2ccc3cc2N1CCCO3,87,0.9182821951095509,0.26744186046511625
CCCn1c(N)c(N(C)C(=O)c2ccc(Cl)cc2)c(=O)n1C,87,0.9365595562461285,0.10344827586206896
O=C(O)COc1cccc2c(c3cc-3c1)C1CCC2OC1,88,0.9399895455252392,0.10465116279069768
O=C(O)COc1cccc2c(c3cc-3c1)CCC1OCCOC21,88,0.9433153805486113,0.10344827586206896
CC1=C(N(C)C(=O)OCc2ccc(F)cc2)C(=O)CCCCN1,88,0.9300352807828529,0.23684210526315788
CC1=C(N(C)C(=O)OCc2ccc(C)cc2)C(=O)C(C)CCN1,88,0.9311194948067096,0.16049382716049382
CC1=C(N(C)C(=O)CCc2ccc(F)cc2)C(=O)CCCCN1,88,0.9285281939868472,0.25675675675675674
O=C(O)COc1cccc2c(c3cc-3c1)CC1CCOC2C1,88,0.9445083063747737,0.10112359550561797
CC1=C(N(C)C(=O)[CH]Cc2ccc(F)cc2)C(=O)CCC=CN1,88,0.9292509585986193,0.24675324675324675
CC1=C(N(C)C(=O)OCc2ccc(F)cc2)C(=O)C(C)C=CN1,88,0.9307151323661912,0.23376623376623376
CC1=C(N(C)C(=O)OCc2ccc(C)cc2)C(=O)C(C)C=CN1,88,0.931062436189819,0.1625
O=C(O)COc1cccc2c3c4cc-4c1C1COC2CC1C3,88,0.9457403546356304,0.12643678160919541
CC1=C(N(C)C(=O)CCc2ccc(F)cc2)C(=O)C(C)C=CN1,88,0.929057218201895,0.25333333333333335
CC1=C(N(C)C(=O)SCc2ccc(F)cc2)C(=O)CCC=CN1,88,0.9131047946743437,0.24675324675324675
CC1=C(N(C)C(=O)CCc2ccc(F)cc2)C(=O)C(C)CCN1,88,0.9283217130622312,0.25
CCN(CC1CC=NO1)C(=O)Nc1cnc2cccccc1-2,89,0.9434725105251519,0.14492753623188406
OC1CCC12CCc1cc(OC[C](Cl)Cl)ccc12,89,0.9227570568269325,0.40816326530612246
O[C](Br)COc1ccc2c(c1)CCC2,89,0.9005436902014589,0.6388888888888888
CCN(C(=O)Nc1cncc2ccccc12)C1CC(=O)S1,89,0.9460517933577055,0.11940298507462686
CCN(CC1C=NN=C1)C(=O)Nc1cncc2ccccc12,90,0.9418366741780371,0.5666666666666667
CCN(CCc1nccs1)C(=O)Nc1cncc2c1=CCCC=2,90,0.9130476465436985,0.6557377049180327
CCN1C=C(C(=O)Nc2cncc3ccccc23)C(=NC)CC1,90,0.9483002106861798,0.375
CCN(C(=O)Nc1cncc2ccccc12)C1C=C=NCN=C1,90,0.946849928108703,0.43661971830985913
CCN(CC1CC=NN1C)C(=O)Nc1cncc2ccccc12,90,0.9442199381855211,0.5074626865671642
CCN(CCC1=NCN=C1)C(=O)Nc1cncc2ccccc12,90,0.9221327178834627,0.6229508196721312
CCN(CCc1nccs1)C(=O)NC1N=C=Cc2ccccc21,90,0.9176171687865632,0.4927536231884058
CCN(CC1=NC=NC1C)C(=O)Nc1cncc2ccccc12,90,0.9429501004296126,0.53125
CCN(CCC1=NN=C=C1)C(=O)Nc1cncc2ccccc12,90,0.9218643940954003,0.6129032258064516
CCN(CC1CC=NC1C)C(=O)Nc1cncc2ccccc12,90,0.9382754536049087,0.5151515151515151
CCN(C(=O)Nc1cncc2ccccc12)C1C=NCN=CC1,90,0.9466217594312663,0.4492753623188406
CCN1CC=NCN=C(C(=O)Nc2cncc3ccccc23)C1,90,0.9422119458121337,0.3888888888888889
CCN(CCC1=NC=NC1)C(=O)Nc1cncc2ccccc12,90,0.9221327178834627,0.6129032258064516
O=C(Nc1cncc2ccccc12)C1=NCN=C=CN=NCC1,90,0.9233628589817671,0.33783783783783783
CCN(CC1=NN=NC1C)C(=O)Nc1cncc2ccccc12,90,0.9395180476923539,0.5230769230769231
Cc1cc(NC(=O)[C@H]2CCOC3=CCCC=C32)c2ncccc2c1,91,0.9052243053563859,0.7
[CH]C1([C@H]2CCOc3ccccc32)C=c2cccnc2=C(CCC)N1,91,0.9434496889076063,0.3246753246753247
Cc1cc(NC(=O)[C@H]2CCOC3CC=CC=C32)c2ncccc2c1,91,0.9160933192058299,0.5909090909090909
Cc1cc(NC(=O)[CH]C2COC3=CCCC=C32)c2ncccc2c1,91,0.9321334092692899,0.4927536231884058
CC=CC(NC(=O)[C@H]1CCOc2ccccc21)=C1N=CC=CC1=NC,91,0.9220144926607975,0.39473684210526316
C=c1cccnc1=C(C=CC)NC(=O)[C@H]1CCOc2ccccc21,91,0.9390299446970207,0.4782608695652174
[CH]C(NC(CCC)=c1ncccc1=C=C)[C@H]1CCOc2ccccc21,91,0.9141498099702539,0.3291139240506329
[CH]C([CH]C1COC2=CCCC=C21)Nc1cc(C)nc2cccnc12,91,0.9289854355893691,0.2682926829268293
[CH]C(NC1=c2ncccc2=CC(C)C1)[C@H]1CCOc2ccccc21,91,0.9423850819193689,0.32894736842105265
Cc1cc(NC(=O)[CH]C2COC3=CCCC=C32)c2ncccc2n1,91,0.9419247203851416,0.35064935064935066
C=c1cccnc1=C(C=CC)NC(=O)[C@H]1CC[CH]c2ccccc21,91,0.9445138451206546,0.2948717948717949
Cc1cc(NC(=O)[CH]C2COC3CC=CC=C23)c2ncccc2c1,91,0.9404287355552536,0.43243243243243246
C=CC1=c2cccnc2=C(NC(=O)[C@H]2CCOc3ccccc32)CC1C,91,0.9273888557791915,0.5
c1ccc(C2CCN=C(CN3CCOc4ccccc43)N2)cc1,91,0.9468274094120201,0.19230769230769232
[CH]C1([C@H]2CC[CH]c3ccccc32)C=c2cccnc2=C(C=CC)N1,91,0.9220065713745688,0.20238095238095238
CCCC1=c2ncccc2=CC(C)([C@H]2CCOc3ccccc32)N1,91,0.9440550490177879,0.3116883116883117
CC1C=c2cccnc2=C(NC(=O)[C@H]2CCOc3ccccc32)C1,91,0.916079396794485,0.5303030303030303
Cc1cc(NC(=O)[C@H]2CCOc3ccccc32)c2c(n1)CCC=N2,91,0.9198728220520267,0.5373134328358209
[CH]C1([C@H]2CCOc3ccccc32)C=c2cccnc2=C(C=CC)N1,91,0.9218868878416148,0.3246753246753247
CC1CC(NC(=O)[C@H]2CCOc3ccccc32)[C@H]2N=CC=CC2=N1,91,0.9073715378529015,0.3918918918918919
[CH]C12N=C(C=CC=NC=C(CCC)N1)c1ccc3c(c1)[C@@H]2CCO3,91,0.9044789777003897,0.20454545454545456
O=C1NC(c2ccccc2)CCN1CCOc1ccc(F)cc1F,92,0.9104054820536353,0.273972602739726
CC1=CC=Cc2c([nH]c(=O)n2CCOc2ccc(C)cc2F)C1,92,0.9416877301386634,0.22784810126582278
Cc1ccc(OCCN2CCc3ccccc3NC2=O)c(F)c1,92,0.9365652943336338,0.2876712328767123
C[C]1C=C2NC(=O)N(CCOc3ccc(Cl)cc3Cl)C3[C]1[C]23,92,0.9154021990556727,0.4375
N#C[C]1CCC(=O)N(CCOc2ccc(Cl)cc2Cl)C(=O)N1,92,0.9128846372097738,0.4603174603174603
C[C]1C=C2NC(=O)N(CCOc3ccc(Cl)cc3Cl)C23[C][C]13,92,0.9173496919982698,0.4307692307692308
N#C[C]1CCN(COc2ccc(Cl)cc2Cl)C(=O)N1,92,0.9329761971385677,0.3484848484848485
N#C[C]1CCN(CCOc2ccc(Cl)cc2Cl)C(=O)N1,92,0.9293257018321963,0.421875
O=C1Nc2ccccc2[C]2CC2N1CCOc1ccc(F)cc1F,92,0.9313200964923785,0.26666666666666666
Cc1ccc(OCCN2C(=O)Nc3ccccc3C2C)c(F)c1,92,0.9220011586802934,0.2916666666666667
Cc1ccc(OCCN2CCC(c3ccccc3)NC2=O)c(F)c1,92,0.9097408506439381,0.28378378378378377
CCN1CNC(c2c(F)cccc2F)N(c2ccco2)C1=O,93,0.947826408162825,0.1232876712328767
CCSC(=O)C(C)(C)c1noc2ccccc2[nH]o1,93,0.9321068288168448,0.31666666666666665
CCN1CNC(c2c(C)cccc2F)N(c2ccco2)C1=O,93,0.9467345905474199,0.13157894736842105
CCNC(=O)C(C)(C)c1nc(-c2ccccc2)no1,93,0.9130949767179027,0.6521739130434783
C[CH]NC(=O)C(C)(C)c1nc(-c2ccccc2)no1,93,0.9133378431932295,0.5833333333333334
CC[CH]C(=O)C(C)(C)c1noc2ccccc2[nH]o1,93,0.9157374493219101,0.3220338983050847
C[N+]C1CNC(c2c(F)cccc2Cl)N(c2ccco2)C1,93,0.9478744767251601,0.0759493670886076
C[N+]C1CNC(c2c(F)cccc2F)N(C2CC=CO2)C1,93,0.9225405046044581,0.07894736842105263
CCSC(=O)C1(C)Cc2ccccconc1o[nH]2,93,0.9013645293474053,0.22058823529411764
NCS(=O)(=O)c1ccc(Cl)cc1-c1ccccc1F,94,0.9477914773509082,0.19642857142857142
O=S(=O)(CNc1ccc(Cl)cc1)c1ccccc1F,94,0.941781402721044,0.23076923076923078
O=S(=O)(NCc1ccc(Cl)cc1)c1ccccc1F,94,0.9432413900653667,0.22641509433962265
CS(=O)(=O)Nc1ccc(F)cc1-c1cc(Cl)ccn1,94,0.9479030063613894,0.12698412698412698
O=S(=O)(CNC1C=CC(Cl)=CC1)c1ccccc1F,94,0.9296319556212244,0.23728813559322035
CC1C=CC=C[C@@H]1NS(=O)(=O)c1cc(F)ccc1F,95,0.9264733175038209,0.3888888888888889
CC1=C[CH]C[C@@H](CNS(=O)(=O)c2cc(F)ccc2F)C1,95,0.9291376661147985,0.38333333333333336
O=S(=O)(NCC1C[CH]C=CO1)c1cc(F)ccc1F,95,0.9180476145988002,0.41379310344827586
O=S(=O)(NC[C@@H]1C[CH]C=CC1)c1cc(F)ccc1F,95,0.923618771276488,0.40350877192982454
Cc1ccc2cc1C(NCCc1ccccc1)CCS2(=O)=O,95,0.9430664329460475,0.10666666666666667
O=S(=O)(NC[C@@H]1C[CH]C=CO1)c1cc(F)ccc1F,95,0.9180476145988002,0.41379310344827586
Cc1ccc(S(=O)(=O)N2CCNC=C2c2ccccc2)cc1F,95,0.9401290834976467,0.13513513513513514
Cc1ccc(S(=O)(=O)N2CCNCC2c2ccccc2)cc1F,95,0.9380301964360673,0.13513513513513514
O=S(=O)(c1ccc2c(c1)C2)C1CCNC=C1C1C=CC=CC1,95,0.9475570225612759,0.10256410256410256
Cc1c#cc(S(=O)(=O)C2CCNC=C2c2ccccc2)cc1,95,0.9478947796349854,0.07894736842105263
O=S(=O)(NC[C@@H]1C=CC=CO1)c1cc(F)ccc1F,95,0.9169494183085867,0.42857142857142855
Cc1ccc(F)c(S(=O)(=O)NC[C@@H]2C=CC=CO2)c1,95,0.9176480723985143,0.3225806451612903
O=S(=O)(c1ccc2c(c1)CC2)N1CCNC=C1c1ccccc1,95,0.9420088455948216,0.1095890410958904
Cc1ccc(S(=O)(=O)C2CCNC=C2c2ccccc2)cc1,95,0.9464952969344258,0.08333333333333333
Cc1ccc(S(=O)(=O)N2CCNC=C2c2ccccc2)cc1,95,0.9471560797564823,0.08333333333333333
O=S(=O)(NCC1C[CH]C=CC1)c1cc(F)ccc1F,95,0.923618771276488,0.40350877192982454
O=S(=O)(N[CH][C@@H]1C=CC=CO1)c1cc(F)ccc1F,95,0.9190574851347503,0.3559322033898305
O=S(=O)(N[CH][C@@H]1C[CH]C=CC1)c1cc(F)ccc1F,95,0.9238795847642501,0.3333333333333333
Cc1ccc(S(=O)(=O)N2CCNCC2C2C=CC=CC2)cc1F,95,0.9207992107693941,0.125
Cc1ccc(S(=O)(=O)C2CCNC=C2c2ccccc2)cc1C,95,0.9386236453873908,0.0945945945945946
CC1=C[CH]CC(C)C1NS(=O)(=O)c1cc(F)ccc1F,95,0.9327552816617908,0.35
Cc1ccc(S(=O)(=O)N2CCNC=C2C2C=CC=CC2)cc1,95,0.9322028960756975,0.07692307692307693
CC[NH2+]C(C)C1Cc2cnc(n2C)-c2ccc(C#N)cc21,96,0.9281314153107202,0.12359550561797752
CC[NH2+][S](C)C1CC(n2ccnc2)c2ccc(C#N)cc21,96,0.9406636604221378,0.09782608695652174
CC[NH2+]C(C)C1Cc2cnc(n2C)-c2ccc(CC)cc21,96,0.917983489999608,0.15294117647058825
CC[NH2+][C](C)C1Cc2cnc(n2C)-c2ccc(C#N)cc21,96,0.9306182761137076,0.1111111111111111
CC[NH2+][C](C)C1Cc2cnc(n2C)-c2ccc(CC)cc21,96,0.9185606153667657,0.13953488372093023
CC[NH2+]C(C)C1CC(n2ccnc2)c2ccc(C#N)cc21,96,0.9287811872384244,0.1111111111111111
CC[C@H](C#N)Oc1ccc(CO)nc1C1=NCCCCC1,97,0.9025259463206496,0.45454545454545453
Cc1c#cc(NC(=O)C2CCN2Cc2ccncc2F)cc1,97,0.941920090665795,0.11842105263157894
CC[C@H](C#N)Cc1ccc2nc1C=NCCCCCC2O,97,0.9267776823166912,0.208955223880597
Cc1ccc(NC(=O)C2C[CH]N2Cc2ccncc2C)cc1,97,0.942279103383389,0.13043478260869565
Cc1ccc(NC(=O)C2CON2Cc2ccncc2Cl)cc1,97,0.9418373147480168,0.1388888888888889
CC[C@H](C#N)Oc1ccc(CO)cc1Br,97,0.9144914117498054,0.44680851063829785
CC[C@H](C#N)Cc1cc2c(CO)nc1SCCCC2,97,0.9177875429128279,0.234375
CC[C@H](C#N)Oc1ccc2nc1C=NCCCCCC2O,97,0.9267735033894234,0.3225806451612903
Cc1ccc(NC(=O)C2CON2Cc2ccncc2C)cc1,97,0.9415871718585549,0.14285714285714285
CC[C@H](C#N)Oc1cc2c(CO)cc1CSCCC2,97,0.9187624052349231,0.3508771929824561
CC[C@H](C#N)Oc1cc2c(CO)nc1SCCCC2,97,0.916878769414084,0.3620689655172414
Cc1ccc(NC(=O)C2CCN2Cc2ccncc2C)cc1,97,0.9430418632565135,0.12857142857142856
CC[C@H](C#N)Oc1cc2c(CO)nc1CSCCC2,97,0.9159520394061987,0.3559322033898305
COc1ccccc1CNC(=O)C1CCc2cccc3c2C1C3,98,0.9416796014975485,0.2
Cc1ccc(NC(=O)OCC2CCCC2F)c(F)c1F,98,0.9134449299393997,0.3064516129032258
COc1ccccc1CNC(=O)N1CCc2ccccc2C1=O,98,0.9477796355450472,0.1232876712328767
Cc1ccc(NC(=O)OCC2CCC[C@H]2F)c(F)c1,98,0.9054464001303869,0.4727272727272727
Cc1ccc(NC(=O)OCC2CCC[C@H]2F)c(F)c1F,98,0.9134449299393997,0.3064516129032258
COc1ccccc1CNC(=O)C1CCc2ccc3cc2C31C,98,0.9418233339155277,0.17567567567567569
COc1ccccc1NC(=O)C1CCc2cccc3c2C1C3,98,0.9397621915569904,0.28125
COc1ccccc1CNC(=O)N1CCc2cccc3c2C1C3,98,0.9466128664734311,0.14864864864864866
COc1ccccc1CNC(=O)N1CCc2ccc3cc2C31CO,98,0.9042997229847193,0.1282051282051282
COc1ccccc1CNC(=O)N1CCc2ccc3cc2C31C,98,0.9466949892167519,0.13157894736842105
COc1ccccc1CNC(=O)C1CCc2ccccc2C1,98,0.9409122467351303,0.17647058823529413
COc1ccccc1CNC(=O)C1CCc2ccccc2C1C,98,0.9354210289967482,0.18571428571428572
O=C(CC[NH+]1CCCc2ccccc21)S(=O)(=O)c1ccccc1,99,0.925105853953043,0.15853658536585366
COc1[nH]cc(C2CC2)c1S(=O)(=O)N1CCc2ccccc21,99,0.9424563913128827,0.1348314606741573
CNC(C)C1CCC[C@H]1Cc1nccc2ccccc12,99,0.9119750845928417,0.13953488372093023
Cc1ccccc1S(=O)(=O)C(=O)CC[NH+]1CCCc2ccccc21,99,0.9208749447275119,0.16470588235294117
COc1cc2c(cn1)[CH]CC(=O)CC[C@@H]2C[NH+]1CCc2sccc2C1,99,0.916756885680467,0.3780487804878049
CNC(=O)C1CCCN1Cc1ccccccccn1,99,0.9132180532591276,0.1411764705882353
CCc1[nH]cc(C2CC2)c1S(=O)(=O)N1CCc2ccccc21,99,0.9414587998407962,0.10989010989010989
