run,file,nSnaps,successFinal,successAny,hvFinal,hvMax,bestQED,bestSim,validFrac,simEq1Count,leadLikeQED,maxQED_at_sim_ge_thr,maxSim_at_qed_ge_thr,countSim_ge_thr,countQED_ge_thr,countBoth
1,FRCSO_N100_DDProblem1_M2_D256_1.mat,26,1,1,0.878270799003856,0.878270799003856,0.945038318634033,1,1,7,0.77723902463913,0.943509161472321,0.52238804101944,89,51,40
2,FRCSO_N100_DDProblem1_M2_D256_2.mat,26,0,0,0.84510041355233,0.84510041355233,0.945703268051147,1,1,7,0.779949605464935,0.849358797073364,0.162499994039536,55,33,0
3,FRCSO_N100_DDProblem1_M2_D256_3.mat,26,1,1,0.873528561314263,0.873528561314263,0.93308961391449,1,1,13,0.761218845844269,0.93308961391449,0.622950792312622,100,50,50
4,FRCSO_N100_DDProblem1_M2_D256_4.mat,26,0,0,0.840658107565895,0.840658107565895,0.933294653892517,1,1,6,0.750856876373291,0.884969294071198,0.194805189967155,54,32,0
5,FRCSO_N100_DDProblem1_M2_D256_5.mat,26,1,1,0.848930143117029,0.848930143117029,0.933034121990204,1,1,8,0.711342990398407,0.903135418891907,0.61904764175415,37,77,14
6,FRCSO_N100_DDProblem1_M2_D256_6.mat,26,0,0,0.860320290850911,0.860320290850911,0.938945829868317,1,1,5,0.755569994449615,0.891978740692139,0.353846162557602,40,45,0
7,FRCSO_N100_DDProblem1_M2_D256_7.mat,26,0,0,0.864522452194961,0.864522452194961,0.947659373283386,1,1,7,0.754759788513184,0.875955581665039,0.25301206111908,28,58,0
8,FRCSO_N100_DDProblem1_M2_D256_8.mat,26,1,1,0.848856435947042,0.848856435947042,0.932697772979736,1,1,10,0.749667167663574,0.932697772979736,0.492063492536545,100,30,30
9,FRCSO_N100_DDProblem1_M2_D256_9.mat,26,1,1,0.876063615420998,0.876063615420998,0.942912697792053,1,1,7,0.78674727678299,0.921233892440796,0.416666656732559,60,52,12
10,FRCSO_N100_DDProblem1_M2_D256_10.mat,26,0,0,0.858121054468317,0.858121054468317,0.947512269020081,1,1,12,0.719673633575439,0.875050127506256,0.390625,48,52,0
11,FRCSO_N100_DDProblem1_M2_D256_11.mat,26,0,0,0.841822175366552,0.841822175366552,0.933986842632294,1,1,17,0.750775992870331,0.874762892723083,0.355555564165115,50,50,0
12,FRCSO_N100_DDProblem1_M2_D256_12.mat,26,0,0,0.854160224572748,0.854160224572748,0.931821048259735,1,1,6,0.785267114639282,0.876489341259003,0.337837845087051,42,58,0
13,FRCSO_N100_DDProblem1_M2_D256_13.mat,26,1,1,0.864288084199488,0.864288084199488,0.932119369506836,1,1,15,0.779753386974335,0.903970122337341,0.408163279294968,30,71,1
14,FRCSO_N100_DDProblem1_M2_D256_14.mat,26,0,0,0.867575907201819,0.867575907201819,0.933760583400726,1,1,8,0.740907430648804,0.893575847148895,0.393939405679703,46,54,0
15,FRCSO_N100_DDProblem1_M2_D256_15.mat,26,1,1,0.8910409362395,0.8910409362395,0.946342766284943,1,1,12,0.792693793773651,0.941619396209717,0.666666686534882,78,88,66
16,FRCSO_N100_DDProblem1_M2_D256_16.mat,26,1,1,0.866327402753996,0.866327402753996,0.940786719322205,1,1,9,0.724696457386017,0.940786719322205,0.539682567119598,100,55,55
17,FRCSO_N100_DDProblem1_M2_D256_17.mat,26,1,1,0.891914951518215,0.891914951518215,0.945980310440063,1,1,13,0.744353234767914,0.932603061199188,0.625,64,61,25
18,FRCSO_N100_DDProblem1_M2_D256_18.mat,26,1,1,0.865589971086244,0.865589971086244,0.932624816894531,1,1,8,0.770853757858276,0.932624816894531,0.547169804573059,100,44,44
19,FRCSO_N100_DDProblem1_M2_D256_19.mat,26,0,0,0.848498285204593,0.848498285204593,0.945427775382996,1,1,7,0.739252746105194,0.862520754337311,0.197183102369308,26,74,0
20,FRCSO_N100_DDProblem1_M2_D256_20.mat,26,0,0,0.835902941307351,0.835902941307351,0.946806192398071,1,1,8,0.752587378025055,0.851371109485626,0.305555552244186,62,38,0
21,FRCSO_N100_DDProblem1_M2_D256_21.mat,26,1,1,0.85252302804289,0.85252302804289,0.945481419563293,1,1,10,0.704633772373199,0.925658583641052,0.518518507480621,80,50,30
22,FRCSO_N100_DDProblem1_M2_D256_22.mat,26,1,1,0.872145232516868,0.872145232516868,0.929727256298065,1,1,6,0.771488189697266,0.924995601177216,0.474576264619827,76,58,34
23,FRCSO_N100_DDProblem1_M2_D256_23.mat,26,1,1,0.867875384301688,0.867875384301688,0.938339829444885,1,1,8,0.731674194335938,0.915267407894135,0.645161271095276,54,61,15
24,FRCSO_N100_DDProblem1_M2_D256_24.mat,26,0,0,0.844304127046579,0.844304127046579,0.94628232717514,1,1,5,0.73690140247345,0.883439898490906,0.365853667259216,48,48,0
25,FRCSO_N100_DDProblem1_M2_D256_25.mat,26,1,1,0.885561994293822,0.885561994293822,0.94826066493988,1,1,9,0.772033631801605,0.946464002132416,0.673076927661896,82,73,55
26,FRCSO_N100_DDProblem1_M2_D256_26.mat,26,0,0,0.851984739710589,0.851984739710589,0.948070049285889,1,1,6,0.780242919921875,0.867882788181305,0.18823529779911,36,52,0
27,FRCSO_N100_DDProblem1_M2_D256_27.mat,26,1,1,0.874895199497007,0.874895199497007,0.947443127632141,1,1,9,0.767935872077942,0.933918833732605,0.627118647098541,58,67,25
28,FRCSO_N100_DDProblem1_M2_D256_28.mat,26,0,0,0.841231537573026,0.841231537573026,0.942975461483002,1,1,7,0.714283764362335,0.845173716545105,0.213333338499069,21,40,0
29,FRCSO_N100_DDProblem1_M2_D256_29.mat,26,1,1,0.872387690190481,0.872387690190481,0.942300260066986,1,1,9,0.748776793479919,0.93931519985199,0.600000023841858,91,65,56
30,FRCSO_N100_DDProblem1_M2_D256_30.mat,26,0,0,0.849525899157427,0.849525899157427,0.945030570030212,1,1,10,0.737684905529022,0.882408142089844,0.364864856004715,46,54,0
31,FRCSO_N100_DDProblem1_M2_D256_31.mat,26,1,1,0.878952763255814,0.878952763255814,0.946623802185059,1,1,15,0.767371296882629,0.916264891624451,0.661290347576141,58,57,15
32,FRCSO_N100_DDProblem1_M2_D256_32.mat,26,0,0,0.832027740825895,0.832027740825895,0.944789290428162,1,1,6,0.754545331001282,0.862280189990997,0.254237294197083,36,35,0
33,FRCSO_N100_DDProblem1_M2_D256_33.mat,26,1,1,0.873192118534304,0.873192118534304,0.946447134017944,1,1,10,0.796211838722229,0.920029163360596,0.51111114025116,53,60,13
34,FRCSO_N100_DDProblem1_M2_D256_34.mat,26,0,0,0.842033355015945,0.842033355015945,0.933721899986267,1,1,6,0.741706073284149,0.893877685070038,0.307692319154739,42,58,0
35,FRCSO_N100_DDProblem1_M2_D256_35.mat,26,0,0,0.839128583763764,0.839128583763764,0.94029712677002,1,1,8,0.730948448181152,0.868543148040771,0.195402294397354,65,28,0
36,FRCSO_N100_DDProblem1_M2_D256_36.mat,26,1,1,0.849949796715034,0.849949796715034,0.93394136428833,1,1,6,0.738875329494476,0.921052813529968,0.484848499298096,66,46,12
37,FRCSO_N100_DDProblem1_M2_D256_37.mat,26,1,1,0.877650520498337,0.877650520498337,0.947907090187073,1,1,11,0.797028601169586,0.914211571216583,0.478873252868652,69,47,16
38,FRCSO_N100_DDProblem1_M2_D256_38.mat,26,1,1,0.893234362410737,0.893234362410737,0.948130369186401,1,1,8,0.763269901275635,0.933547735214233,0.607142865657806,59,63,22
39,FRCSO_N100_DDProblem1_M2_D256_39.mat,26,0,0,0.864385747072152,0.864385747072152,0.933994233608246,1,1,6,0.787035882472992,0.873193800449371,0.357142865657806,60,32,0
40,FRCSO_N100_DDProblem1_M2_D256_40.mat,26,0,0,0.85021406787599,0.85021406787599,0.939279079437256,1,1,11,0.76508104801178,0.875438392162323,0.149425283074379,54,22,0
41,FRCSO_N100_DDProblem1_M2_D256_41.mat,26,1,1,0.852446938175099,0.852446938175099,0.945157110691071,1,1,10,0.722458064556122,0.940641701221466,0.485714286565781,91,27,18
42,FRCSO_N100_DDProblem1_M2_D256_42.mat,26,0,0,0.857452134605834,0.857452134605834,0.928583860397339,1,1,7,0.763084769248962,0.877498269081116,0.393939405679703,54,46,0
43,FRCSO_N100_DDProblem1_M2_D256_43.mat,26,1,1,0.852496066802193,0.852496066802193,0.947747111320496,1,1,7,0.700726389884949,0.92141580581665,0.469387769699097,60,47,7
44,FRCSO_N100_DDProblem1_M2_D256_44.mat,26,0,0,0.838531329837257,0.838531329837257,0.947175323963165,1,1,7,0.756430387496948,0.8147794008255,0.308823525905609,30,35,0
45,FRCSO_N100_DDProblem1_M2_D256_45.mat,26,0,0,0.856727070068343,0.856727070068343,0.948186278343201,1,1,9,0.732266187667847,0.883019685745239,0.32307693362236,63,12,0
46,FRCSO_N100_DDProblem1_M2_D256_46.mat,26,1,1,0.842588066826736,0.842588066826736,0.947507083415985,1,1,9,0.701866328716278,0.904902398586273,0.441176474094391,52,64,16
47,FRCSO_N100_DDProblem1_M2_D256_47.mat,26,1,1,0.852189928271697,0.852189928271697,0.94003039598465,1,1,8,0.724085032939911,0.930108428001404,0.476923078298569,92,46,38
48,FRCSO_N100_DDProblem1_M2_D256_48.mat,26,0,0,0.851632699716986,0.851632699716986,0.946915447711945,1,1,7,0.762814939022064,0.844281196594238,0.326086968183517,33,48,0
49,FRCSO_N100_DDProblem1_M2_D256_49.mat,26,0,0,0.828443036568809,0.828443036568809,0.9401496052742,1,1,4,0.713231444358826,0.848365545272827,0.397435903549194,64,36,0
50,FRCSO_N100_DDProblem1_M2_D256_50.mat,26,1,1,0.869402101485209,0.869402101485209,0.943189859390259,1,1,7,0.71574079990387,0.908895134925842,0.451612889766693,54,65,19
51,FRCSO_N100_DDProblem1_M2_D256_51.mat,26,1,1,0.870919834589814,0.870919834589814,0.946499586105347,1,1,12,0.799236595630646,0.919208407402039,0.540000021457672,34,77,11
52,FRCSO_N100_DDProblem1_M2_D256_52.mat,26,1,1,0.854883386648108,0.854883386648108,0.944288969039917,1,1,5,0.749932050704956,0.922044396400452,0.5,54,61,15
53,FRCSO_N100_DDProblem1_M2_D256_53.mat,26,1,1,0.885547149990396,0.885547149990396,0.946025013923645,1,1,9,0.777017116546631,0.942701518535614,0.672727286815643,82,82,64
54,FRCSO_N100_DDProblem1_M2_D256_54.mat,26,0,0,0.846175351520869,0.846175351520869,0.947976887226105,1,1,13,0.751696348190308,0.841374158859253,0.163636356592178,26,49,0
55,FRCSO_N100_DDProblem1_M2_D256_55.mat,26,1,1,0.896998836717799,0.896998836717799,0.947757303714752,1,1,8,0.72446745634079,0.947280466556549,0.672727286815643,86,52,38
56,FRCSO_N100_DDProblem1_M2_D256_56.mat,26,1,1,0.878391281534618,0.878391281534618,0.94726037979126,1,1,9,0.767470002174377,0.929056704044342,0.688524603843689,84,82,66
57,FRCSO_N100_DDProblem1_M2_D256_57.mat,26,0,0,0.855207732571388,0.855207732571388,0.947448909282684,1,1,10,0.740298628807068,0.884566724300385,0.34375,46,36,0
58,FRCSO_N100_DDProblem1_M2_D256_58.mat,26,1,1,0.859106595093452,0.859106595093452,0.937764108181,1,1,6,0.736202776432037,0.91502183675766,0.5,55,70,25
59,FRCSO_N100_DDProblem1_M2_D256_59.mat,26,1,1,0.874647176836539,0.874647176836539,0.942151665687561,1,1,9,0.797101676464081,0.928307712078094,0.476923078298569,52,64,16
60,FRCSO_N100_DDProblem1_M2_D256_60.mat,26,0,0,0.823795722251845,0.823795722251845,0.946774840354919,1,1,5,0.763538658618927,0.82608687877655,0.217948719859123,34,26,0
61,FRCSO_N100_DDProblem1_M2_D256_61.mat,26,0,0,0.855560680118886,0.855560680118886,0.944720208644867,1,1,8,0.778231024742126,0.88781601190567,0.355932205915451,48,52,0
62,FRCSO_N100_DDProblem1_M2_D256_62.mat,26,0,0,0.837141183462867,0.837141183462867,0.948177516460419,1,1,6,0.704406499862671,0.873404741287231,0.205479457974434,50,30,0
63,FRCSO_N100_DDProblem1_M2_D256_63.mat,26,1,1,0.862488121718041,0.862488121718041,0.943960547447205,1,1,5,0.734039664268494,0.927966117858887,0.45762711763382,87,38,25
64,FRCSO_N100_DDProblem1_M2_D256_64.mat,26,1,1,0.844542598978526,0.844542598978526,0.945774018764496,1,1,5,0.728770971298218,0.908945202827454,0.474576264619827,36,80,16
65,FRCSO_N100_DDProblem1_M2_D256_65.mat,26,1,1,0.875004026672569,0.875004026672569,0.947701156139374,1,1,12,0.728801667690277,0.926495671272278,0.46551725268364,67,66,33
66,FRCSO_N100_DDProblem1_M2_D256_66.mat,26,1,1,0.849907050516077,0.849907050516077,0.947930812835693,1,1,9,0.713126122951508,0.944147109985352,0.5,84,41,25
67,FRCSO_N100_DDProblem1_M2_D256_67.mat,26,1,1,0.857066405518708,0.857066405518708,0.938742995262146,1,1,14,0.722457587718964,0.924839198589325,0.575757563114166,68,58,26
68,FRCSO_N100_DDProblem1_M2_D256_68.mat,26,1,1,0.873145021711323,0.873145021711323,0.946507453918457,1,1,7,0.758550405502319,0.908130764961243,0.535211265087128,63,50,13
69,FRCSO_N100_DDProblem1_M2_D256_69.mat,26,0,0,0.208163295022971,0.208163295022971,0.948112845420837,0.222222223877907,1,0,NaN,NaN,0.222222223877907,0,100,0
70,FRCSO_N100_DDProblem1_M2_D256_70.mat,26,1,1,0.861976494171601,0.861976494171601,0.933599352836609,1,1,5,0.759142696857452,0.901297688484192,0.414285719394684,45,60,5
71,FRCSO_N100_DDProblem1_M2_D256_71.mat,26,1,1,0.884758838009365,0.884758838009365,0.945704221725464,1,1,15,0.787329614162445,0.945704221725464,0.523809552192688,100,28,28
72,FRCSO_N100_DDProblem1_M2_D256_72.mat,26,1,1,0.852300421229528,0.852300421229528,0.947528004646301,1,1,7,0.714532017707825,0.914275169372559,0.426229506731033,55,52,7
73,FRCSO_N100_DDProblem1_M2_D256_73.mat,26,1,1,0.862553143137407,0.862553143137407,0.947897493839264,1,1,7,0.736145734786987,0.916978299617767,0.603448271751404,25,87,12
74,FRCSO_N100_DDProblem1_M2_D256_74.mat,26,0,0,0.828711658108663,0.828711658108663,0.947649359703064,1,1,10,0.743871986865997,0.858123242855072,0.112903222441673,50,38,0
75,FRCSO_N100_DDProblem1_M2_D256_75.mat,26,1,1,0.885093777277627,0.885093777277627,0.942764580249786,1,1,7,0.781590938568115,0.930498540401459,0.679245293140411,68,86,54
76,FRCSO_N100_DDProblem1_M2_D256_76.mat,26,0,0,0.829668323733276,0.829668323733276,0.930557131767273,1,1,10,0.738605439662933,0.831404149532318,0.270270258188248,60,40,0
77,FRCSO_N100_DDProblem1_M2_D256_77.mat,26,1,1,0.847984914883416,0.847984914883416,0.946322083473206,1,1,5,0.718691766262054,0.946322083473206,0.486111104488373,100,17,17
78,FRCSO_N100_DDProblem1_M2_D256_78.mat,26,0,0,0.85093912530871,0.85093912530871,0.932861685752869,1,1,9,0.757506668567657,0.88143914937973,0.383333325386047,70,29,0
79,FRCSO_N100_DDProblem1_M2_D256_79.mat,26,1,1,0.868851484671197,0.868851484671197,0.948285937309265,1,1,13,0.799366354942322,0.923438489437103,0.403225809335709,64,37,1
80,FRCSO_N100_DDProblem1_M2_D256_80.mat,26,0,0,0.844112373709677,0.844112373709677,0.921852648258209,1,1,5,0.722989678382874,0.878927886486053,0.232558146119118,63,19,0
81,FRCSO_N100_DDProblem1_M2_D256_81.mat,26,0,0,0.807313820562583,0.807313820562583,0.948027610778809,1,1,8,0.751472949981689,0.796102225780487,0.16666667163372,16,56,0
82,FRCSO_N100_DDProblem1_M2_D256_82.mat,26,1,1,0.86524430284516,0.86524430284516,0.945446848869324,1,1,9,0.768647074699402,0.913812518119812,0.616666674613953,51,82,33
83,FRCSO_N100_DDProblem1_M2_D256_83.mat,26,1,1,0.877683028870916,0.877683028870916,0.940887272357941,1,1,10,0.750149309635162,0.933241307735443,0.454545468091965,50,70,20
84,FRCSO_N100_DDProblem1_M2_D256_84.mat,26,1,1,0.861516404594299,0.861516404594299,0.933078706264496,1,1,12,0.772982835769653,0.903211712837219,0.409090906381607,56,55,11
85,FRCSO_N100_DDProblem1_M2_D256_85.mat,26,1,1,0.886900612671781,0.886900612671781,0.947508037090302,1,1,10,0.77864682674408,0.943606436252594,0.60606062412262,89,60,49
86,FRCSO_N100_DDProblem1_M2_D256_86.mat,26,0,0,0.83234733007153,0.83234733007153,0.948271870613098,1,1,7,0.739965796470642,0.849373877048492,0.202380955219269,49,19,0
87,FRCSO_N100_DDProblem1_M2_D256_87.mat,26,0,0,0.863896645530096,0.863896645530096,0.944558322429657,1,1,6,0.780611038208008,0.89487361907959,0.347222208976746,52,48,0
88,FRCSO_N100_DDProblem1_M2_D256_88.mat,26,0,0,0.861777912431725,0.861777912431725,0.933725357055664,1,1,5,0.796804189682007,0.877840518951416,0.280000001192093,30,60,0
89,FRCSO_N100_DDProblem1_M2_D256_89.mat,26,1,1,0.87258441932,0.87258441932,0.947118103504181,1,1,11,0.745523989200592,0.937396824359894,0.586206912994385,69,52,21
90,FRCSO_N100_DDProblem1_M2_D256_90.mat,26,1,1,0.847488845368835,0.847488845368835,0.947651147842407,1,1,8,0.726059257984161,0.912039458751678,0.49295774102211,64,60,24
91,FRCSO_N100_DDProblem1_M2_D256_91.mat,26,1,1,0.851743665254728,0.851743665254728,0.947729885578156,1,1,8,0.718650043010712,0.917105078697205,0.455882340669632,65,42,7
92,FRCSO_N100_DDProblem1_M2_D256_92.mat,26,1,1,0.876717977758988,0.876717977758988,0.944687902927399,1,1,11,0.758879721164703,0.936995923519135,0.560606062412262,55,67,22
93,FRCSO_N100_DDProblem1_M2_D256_93.mat,26,1,1,0.870471565771394,0.870471565771394,0.939064264297485,1,1,8,0.722258687019348,0.937961578369141,0.473684221506119,86,42,28
94,FRCSO_N100_DDProblem1_M2_D256_94.mat,26,1,1,0.855065185673748,0.855065185673748,0.947559773921967,1,1,9,0.724209845066071,0.921216309070587,0.54237288236618,54,55,9
95,FRCSO_N100_DDProblem1_M2_D256_95.mat,26,0,0,0.834843928481683,0.834843928481683,0.931421041488647,1,1,5,0.720333158969879,0.873472332954407,0.264705896377563,55,30,0
96,FRCSO_N100_DDProblem1_M2_D256_96.mat,26,1,1,0.883804244163221,0.883804244163221,0.946996629238129,1,1,10,0.726962566375732,0.943029165267944,0.698113203048706,73,72,45
97,FRCSO_N100_DDProblem1_M2_D256_97.mat,26,1,1,0.880665248639142,0.880665248639142,0.945435345172882,1,1,8,0.750004947185516,0.925972938537598,0.730769217014313,61,84,45
98,FRCSO_N100_DDProblem1_M2_D256_98.mat,26,1,1,0.845432763726244,0.845432763726244,0.944016516208649,1,1,8,0.702749311923981,0.929017543792725,0.509803950786591,68,60,28
99,FRCSO_N100_DDProblem1_M2_D256_99.mat,26,1,1,0.875503512448542,0.875503512448542,0.947654545307159,1,1,10,0.725257873535156,0.915772676467896,0.725000023841858,60,70,30
100,FRCSO_N100_DDProblem1_M2_D256_100.mat,26,1,1,0.854176055611818,0.854176055611818,0.937697350978851,1,1,6,0.750120103359222,0.921472012996674,0.454545468091965,79,46,25
101,FRCSO_N100_DDProblem1_M2_D256_101.mat,26,1,1,0.856090660178194,0.856090660178194,0.942518711090088,1,1,8,0.715389430522919,0.918617188930511,0.53125,64,52,16
102,FRCSO_N100_DDProblem1_M2_D256_102.mat,26,0,0,0.8612088357727,0.8612088357727,0.945666670799255,1,1,8,0.738471925258636,0.894986867904663,0.319148927927017,44,56,0
103,FRCSO_N100_DDProblem1_M2_D256_103.mat,26,0,0,0.827027900730034,0.827027900730034,0.943534433841705,1,1,4,0.749965369701385,0.829122185707092,0.267441868782043,43,36,0
104,FRCSO_N100_DDProblem1_M2_D256_104.mat,26,0,0,0.826731510950555,0.826731510950555,0.944067239761353,1,1,5,0.745108723640442,0.818810343742371,0.305555552244186,39,52,0
105,FRCSO_N100_DDProblem1_M2_D256_105.mat,26,0,0,0.852702129390221,0.852702129390221,0.946802079677582,1,1,8,0.752677142620087,0.882744252681732,0.396226406097412,33,67,0
106,FRCSO_N100_DDProblem1_M2_D256_106.mat,26,0,0,0.814337479928294,0.814337479928294,0.946384906768799,1,1,7,0.701739311218262,0.839056968688965,0.141176477074623,38,43,0
107,FRCSO_N100_DDProblem1_M2_D256_107.mat,26,0,0,0.849250963132727,0.849250963132727,0.946463823318481,1,1,6,0.794044554233551,0.851410150527954,0.254237294197083,36,37,0
108,FRCSO_N100_DDProblem1_M2_D256_108.mat,26,0,0,0.835842640617799,0.835842640617799,0.920596241950989,1,1,5,0.743125915527344,0.869128406047821,0.112499997019768,63,5,0
109,FRCSO_N100_DDProblem1_M2_D256_109.mat,26,1,1,0.841432518817014,0.841432518817014,0.944382548332214,1,1,6,0.70249330997467,0.92086535692215,0.447761207818985,59,51,10
110,FRCSO_N100_DDProblem1_M2_D256_110.mat,26,1,1,0.865839271431116,0.865839271431116,0.946392238140106,1,1,9,0.767175495624542,0.924605250358582,0.55932205915451,51,75,26
111,FRCSO_N100_DDProblem1_M2_D256_111.mat,26,0,0,0.856114047552659,0.856114047552659,0.940477192401886,1,1,9,0.76213926076889,0.881410777568817,0.200000002980232,50,18,0
112,FRCSO_N100_DDProblem1_M2_D256_112.mat,26,0,0,0.826487386622174,0.826487386622174,0.932503879070282,1,1,8,0.734719336032867,0.795468807220459,0.287671238183975,38,46,0
113,FRCSO_N100_DDProblem1_M2_D256_113.mat,26,1,1,0.876068329437002,0.876068329437002,0.944957494735718,1,1,14,0.713874280452728,0.944957494735718,0.640625,100,33,33
114,FRCSO_N100_DDProblem1_M2_D256_114.mat,26,0,0,0.811605031791113,0.811605031791113,0.947330892086029,1,1,7,0.71919459104538,0.861201643943787,0.147727265954018,37,36,0
115,FRCSO_N100_DDProblem1_M2_D256_115.mat,26,0,0,0.867371582173078,0.867371582173078,0.94696718454361,1,1,9,0.764426290988922,0.888496994972229,0.260273963212967,59,41,0
116,FRCSO_N100_DDProblem1_M2_D256_116.mat,26,1,1,0.85446040848981,0.85446040848981,0.932521760463715,1,1,9,0.734971940517426,0.912450015544891,0.411764711141586,46,63,9
117,FRCSO_N100_DDProblem1_M2_D256_117.mat,26,0,0,0.860096784881471,0.860096784881471,0.933580458164215,1,1,8,0.79307609796524,0.889673292636871,0.272727280855179,32,68,0
118,FRCSO_N100_DDProblem1_M2_D256_118.mat,26,1,1,0.86375503026456,0.86375503026456,0.932244420051575,1,1,7,0.702146649360657,0.928353071212769,0.58695650100708,88,42,30
119,FRCSO_N100_DDProblem1_M2_D256_119.mat,26,1,1,0.843246774957434,0.843246774957434,0.947757244110107,1,1,10,0.703315794467926,0.927462458610535,0.530303001403809,70,40,10
120,FRCSO_N100_DDProblem1_M2_D256_120.mat,26,1,1,0.889531758694189,0.889531758694189,0.94318699836731,1,1,8,0.793190836906433,0.92603474855423,0.641509413719177,33,76,9
121,FRCSO_N100_DDProblem1_M2_D256_121.mat,26,1,1,0.887523957556295,0.887523957556295,0.94618833065033,1,1,8,0.769462108612061,0.930037975311279,0.54237288236618,56,68,24
122,FRCSO_N100_DDProblem1_M2_D256_122.mat,26,0,0,0.839372498629432,0.839372498629432,0.933475732803345,1,1,5,0.771969795227051,0.843452990055084,0.209677413105965,34,43,0
123,FRCSO_N100_DDProblem1_M2_D256_123.mat,26,0,0,0.844408272639102,0.844408272639102,0.943896114826202,1,1,7,0.746876657009125,0.888713181018829,0.171052634716034,57,36,0
124,FRCSO_N100_DDProblem1_M2_D256_124.mat,26,1,1,0.856931327555194,0.856931327555194,0.928052008152008,1,1,13,0.745687305927277,0.906461596488953,0.491525411605835,87,25,12
125,FRCSO_N100_DDProblem1_M2_D256_125.mat,26,1,1,0.875932531725997,0.875932531725997,0.946983695030212,1,1,12,0.745937824249268,0.946922063827515,0.616666674613953,89,55,44
126,FRCSO_N100_DDProblem1_M2_D256_126.mat,26,1,1,0.868975640491326,0.868975640491326,0.933600008487701,1,1,10,0.780955910682678,0.933240056037903,0.444444447755814,90,38,28
127,FRCSO_N100_DDProblem1_M2_D256_127.mat,26,1,1,0.871754840025512,0.871754840025512,0.947745621204376,1,1,6,0.74062305688858,0.925244867801666,0.5573770403862,48,64,12
128,FRCSO_N100_DDProblem1_M2_D256_128.mat,26,1,1,0.896412075980967,0.896412075980967,0.94455748796463,1,1,12,0.763668298721313,0.933316826820374,0.818181812763214,78,77,55
129,FRCSO_N100_DDProblem1_M2_D256_129.mat,26,1,1,0.879107081827387,0.879107081827387,0.933975696563721,1,1,6,0.795945644378662,0.920823812484741,0.451612889766693,58,58,16
130,FRCSO_N100_DDProblem1_M2_D256_130.mat,26,1,1,0.90035315640359,0.90035315640359,0.94655454158783,1,1,9,0.77319473028183,0.945569515228271,0.804347813129425,91,91,82
131,FRCSO_N100_DDProblem1_M2_D256_131.mat,26,0,0,0.880289345437231,0.880289345437231,0.947845637798309,1,1,6,0.782731831073761,0.891699731349945,0.237499997019768,68,32,0
132,FRCSO_N100_DDProblem1_M2_D256_132.mat,26,1,1,0.890378494150942,0.890378494150942,0.943256080150604,1,1,12,0.753441870212555,0.921216607093811,0.709090888500214,56,77,33
133,FRCSO_N100_DDProblem1_M2_D256_133.mat,26,1,1,0.851877010708726,0.851877010708726,0.938283085823059,1,1,9,0.729363560676575,0.901138186454773,0.449275374412537,59,49,8
134,FRCSO_N100_DDProblem1_M2_D256_134.mat,26,0,0,0.853513459706913,0.853513459706913,0.94715279340744,1,1,10,0.706458747386932,0.891262710094452,0.229729726910591,46,36,0
135,FRCSO_N100_DDProblem1_M2_D256_135.mat,26,0,0,0.823639047137335,0.823639047137335,0.947919845581055,1,1,8,0.725619673728943,0.850993812084198,0.202531650662422,40,60,0
136,FRCSO_N100_DDProblem1_M2_D256_136.mat,26,1,1,0.872961830510642,0.872961830510642,0.948130249977112,1,1,6,0.747836828231812,0.934119522571564,0.560606062412262,54,64,18
137,FRCSO_N100_DDProblem1_M2_D256_137.mat,26,0,0,0.849490696171967,0.849490696171967,0.947589576244354,1,1,5,0.792210042476654,0.849750459194183,0.222222223877907,33,37,0
138,FRCSO_N100_DDProblem1_M2_D256_138.mat,26,0,0,0.835206894863706,0.835206894863706,0.947321653366089,1,1,7,0.751060128211975,0.868903458118439,0.323943674564362,51,49,0
139,FRCSO_N100_DDProblem1_M2_D256_139.mat,26,0,0,0.80319947912051,0.80319947912051,0.947008669376373,1,1,10,0.706237077713013,0.802909314632416,0.161290317773819,19,54,0
140,FRCSO_N100_DDProblem1_M2_D256_140.mat,26,0,0,0.859968542642993,0.859968542642993,0.932293951511383,1,1,12,0.772669076919556,0.878664374351501,0.197368428111076,67,33,0
141,FRCSO_N100_DDProblem1_M2_D256_141.mat,26,0,0,0.861475435534684,0.861475435534684,0.933366298675537,1,1,7,0.782670140266418,0.896905243396759,0.341772139072418,58,30,0
142,FRCSO_N100_DDProblem1_M2_D256_142.mat,26,0,0,0.805789641440958,0.805789641440958,0.944423496723175,1,1,6,0.708010852336884,0.765275120735168,0.112903222441673,12,33,0
143,FRCSO_N100_DDProblem1_M2_D256_143.mat,26,1,1,0.860085008855783,0.860085008855783,0.940060913562775,1,1,10,0.747448444366455,0.912265539169312,0.58730161190033,55,54,9
144,FRCSO_N100_DDProblem1_M2_D256_144.mat,26,1,1,0.897934663934276,0.897934663934276,0.947172522544861,1,1,10,0.752732634544373,0.947172522544861,0.744680821895599,100,80,80
145,FRCSO_N100_DDProblem1_M2_D256_145.mat,26,1,1,0.86091586705597,0.86091586705597,0.947319269180298,1,1,10,0.704597890377045,0.907950341701508,0.450980395078659,82,54,36
146,FRCSO_N100_DDProblem1_M2_D256_146.mat,26,1,1,0.852000247852125,0.852000247852125,0.92947381734848,1,1,10,0.735455393791199,0.910814940929413,0.469696968793869,66,44,10
147,FRCSO_N100_DDProblem1_M2_D256_147.mat,26,1,1,0.879559607120289,0.879559607120289,0.94358617067337,1,1,8,0.765793263912201,0.938682079315186,0.649999976158142,86,56,42
148,FRCSO_N100_DDProblem1_M2_D256_148.mat,26,0,0,0.844558803497473,0.844558803497473,0.943225800991058,1,1,12,0.777426600456238,0.861805021762848,0.159420296549797,32,46,0
149,FRCSO_N100_DDProblem1_M2_D256_149.mat,26,0,0,0.857372869168266,0.857372869168266,0.947924017906189,1,1,5,0.777655005455017,0.874687135219574,0.389610379934311,40,55,0
150,FRCSO_N100_DDProblem1_M2_D256_150.mat,26,0,0,0.816058345132652,0.816058345132652,0.947576403617859,1,1,5,0.725666880607605,0.865009963512421,0.189873412251472,47,21,0
151,FRCSO_N100_DDProblem1_M2_D256_151.mat,26,0,0,0.829317445091035,0.829317445091035,0.936559557914734,1,1,5,0.714938104152679,0.894044518470764,0.329268306493759,65,35,0
152,FRCSO_N100_DDProblem1_M2_D256_152.mat,26,0,0,0.838375462388419,0.838375462388419,0.933960139751434,1,1,5,0.735794365406036,0.866645514965057,0.14634145796299,60,10,0
153,FRCSO_N100_DDProblem1_M2_D256_153.mat,26,1,1,0.865481389684812,0.865481389684812,0.948382258415222,1,1,7,0.728074610233307,0.932411551475525,0.616666674613953,71,55,26
154,FRCSO_N100_DDProblem1_M2_D256_154.mat,26,1,1,0.840154399958479,0.840154399958479,0.946241974830627,1,1,8,0.738744378089905,0.926193118095398,0.421875,62,52,14
155,FRCSO_N100_DDProblem1_M2_D256_155.mat,26,0,0,0.835126633422545,0.835126633422545,0.945740342140198,1,1,5,0.713653683662415,0.860346496105194,0.309859156608582,50,35,0
156,FRCSO_N100_DDProblem1_M2_D256_156.mat,26,0,0,0.849995751329866,0.849995751329866,0.940382778644562,1,1,6,0.773403584957123,0.896998107433319,0.320987641811371,36,59,0
157,FRCSO_N100_DDProblem1_M2_D256_157.mat,26,1,1,0.868073135332271,0.868073135332271,0.943929612636566,1,1,13,0.72819185256958,0.943929612636566,0.603448271751404,100,37,37
158,FRCSO_N100_DDProblem1_M2_D256_158.mat,26,1,1,0.864843333453415,0.864843333453415,0.948211312294006,1,1,7,0.764359533786774,0.904586374759674,0.448275864124298,42,72,14
159,FRCSO_N100_DDProblem1_M2_D256_159.mat,26,1,1,0.858851897984542,0.858851897984542,0.946051776409149,1,1,15,0.716174244880676,0.922757029533386,0.638888895511627,72,57,29
160,FRCSO_N100_DDProblem1_M2_D256_160.mat,26,0,0,0.868869121843812,0.868869121843812,0.943568527698517,1,1,8,0.75508975982666,0.895965754985809,0.305084735155106,57,43,0
161,FRCSO_N100_DDProblem1_M2_D256_161.mat,26,1,1,0.85348494620595,0.85348494620595,0.933537423610687,1,1,8,0.721455454826355,0.908203601837158,0.430555552244186,72,36,8
162,FRCSO_N100_DDProblem1_M2_D256_162.mat,26,1,1,0.88265603462477,0.88265603462477,0.948254287242889,1,1,13,0.750248730182648,0.948254287242889,0.676923096179962,100,61,61
163,FRCSO_N100_DDProblem1_M2_D256_163.mat,26,1,1,0.885965733786183,0.885965733786183,0.948300182819366,1,1,11,0.775883078575134,0.946849942207336,0.655737698078156,89,78,67
164,FRCSO_N100_DDProblem1_M2_D256_164.mat,26,1,1,0.896682521162408,0.896682521162408,0.931037247180939,1,1,17,0.780668079853058,0.931037247180939,0.694915235042572,100,49,49
165,FRCSO_N100_DDProblem1_M2_D256_165.mat,26,0,0,0.852266026183341,0.852266026183341,0.945154547691345,1,1,7,0.763778924942017,0.888093233108521,0.202380955219269,57,43,0
166,FRCSO_N100_DDProblem1_M2_D256_166.mat,26,1,1,0.893253135572236,0.893253135572236,0.947518110275269,1,1,8,0.789165019989014,0.942690372467041,0.679245293140411,86,70,56
167,FRCSO_N100_DDProblem1_M2_D256_167.mat,26,1,1,0.886932490978169,0.886932490978169,0.946827411651611,1,1,8,0.775357186794281,0.940428733825684,0.699999988079071,60,84,44
168,FRCSO_N100_DDProblem1_M2_D256_168.mat,26,0,0,0.847926604486045,0.847926604486045,0.932041049003601,1,1,6,0.717429518699646,0.875583112239838,0.222222223877907,54,20,0
169,FRCSO_N100_DDProblem1_M2_D256_169.mat,26,0,0,0.84116364379757,0.84116364379757,0.933777987957001,1,1,8,0.71857351064682,0.856985807418823,0.217948719859123,32,52,0
170,FRCSO_N100_DDProblem1_M2_D256_170.mat,26,1,1,0.865744830044418,0.865744830044418,0.947466135025024,1,1,9,0.748024702072144,0.94541198015213,0.560000002384186,84,48,32
171,FRCSO_N100_DDProblem1_M2_D256_171.mat,26,1,1,0.86209482370314,0.86209482370314,0.943097531795502,1,1,7,0.753595054149628,0.909613251686096,0.479452043771744,73,41,14
172,FRCSO_N100_DDProblem1_M2_D256_172.mat,26,1,1,0.858379129606377,0.858379129606377,0.941687703132629,1,1,8,0.747724831104279,0.929325699806213,0.460317462682724,83,45,28
173,FRCSO_N100_DDProblem1_M2_D256_173.mat,26,0,0,0.820947541620137,0.820947541620137,0.931814730167389,1,1,6,0.7049840092659,0.858856379985809,0.157894730567932,38,25,0
174,FRCSO_N100_DDProblem1_M2_D256_174.mat,26,0,0,0.82858807822781,0.82858807822781,0.943386971950531,1,1,6,0.719212710857391,0.870647966861725,0.237499997019768,53,30,0
175,FRCSO_N100_DDProblem1_M2_D256_175.mat,26,1,1,0.877381772757859,0.877381772757859,0.945971369743347,1,1,9,0.761858999729156,0.928527772426605,0.580645143985748,45,73,18
176,FRCSO_N100_DDProblem1_M2_D256_176.mat,26,1,1,0.879066618582408,0.879066618582408,0.947874486446381,1,1,12,0.790358364582062,0.913337826728821,0.652173936367035,45,77,22
177,FRCSO_N100_DDProblem1_M2_D256_177.mat,26,0,0,0.852740240521594,0.852740240521594,0.942969501018524,1,1,10,0.718103289604187,0.87268328666687,0.231707319617271,50,40,0
178,FRCSO_N100_DDProblem1_M2_D256_178.mat,26,0,0,0.842629435739024,0.842629435739024,0.924143135547638,1,1,8,0.742493748664856,0.850886881351471,0.354838699102402,50,43,0
179,FRCSO_N100_DDProblem1_M2_D256_179.mat,26,0,0,0.868170890377531,0.868170890377531,0.947902977466583,1,1,13,0.790190637111664,0.872316062450409,0.241379305720329,39,49,0
180,FRCSO_N100_DDProblem1_M2_D256_180.mat,26,0,0,0.851875314629467,0.851875314629467,0.931728363037109,1,1,5,0.772907316684723,0.889595925807953,0.3125,65,25,0
181,FRCSO_N100_DDProblem1_M2_D256_181.mat,26,1,1,0.847487937441306,0.847487937441306,0.938260853290558,1,1,8,0.722402095794678,0.929891049861908,0.5,62,46,8
182,FRCSO_N100_DDProblem1_M2_D256_182.mat,26,0,0,0.832256686647987,0.832256686647987,0.932941019535065,1,1,11,0.74622255563736,0.845255017280579,0.29824560880661,45,41,0
183,FRCSO_N100_DDProblem1_M2_D256_183.mat,26,0,0,0.847881997632004,0.847881997632004,0.93961375951767,1,1,17,0.777438521385193,0.880670070648193,0.135593220591545,51,32,0
184,FRCSO_N100_DDProblem1_M2_D256_184.mat,26,1,1,0.884080094727786,0.884080094727786,0.947894752025604,1,1,7,0.782949388027191,0.923618793487549,0.428571432828903,49,72,21
185,FRCSO_N100_DDProblem1_M2_D256_185.mat,26,0,0,0.861333923255549,0.861333923255549,0.941169083118439,1,1,6,0.777153730392456,0.874801337718964,0.328947365283966,36,46,0
186,FRCSO_N100_DDProblem1_M2_D256_186.mat,26,1,1,0.876263116199421,0.876263116199421,0.943687736988068,1,1,8,0.763312637805939,0.902763366699219,0.491228073835373,32,76,8
187,FRCSO_N100_DDProblem1_M2_D256_187.mat,26,1,1,0.848085853415486,0.848085853415486,0.936317980289459,1,1,10,0.729927659034729,0.924475729465485,0.428571432828903,64,45,9
188,FRCSO_N100_DDProblem1_M2_D256_188.mat,26,0,0,0.80204952056795,0.80204952056795,0.940663635730743,1,1,6,0.717212080955505,0.786748230457306,0.152941182255745,30,28,0
189,FRCSO_N100_DDProblem1_M2_D256_189.mat,26,1,1,0.858686604047177,0.858686604047177,0.946454048156738,1,1,7,0.714849054813385,0.941666483879089,0.60317462682724,70,68,38
190,FRCSO_N100_DDProblem1_M2_D256_190.mat,26,0,0,0.8351004759142,0.8351004759142,0.939958214759827,1,1,7,0.778061509132385,0.832165360450745,0.263157904148102,52,34,0
191,FRCSO_N100_DDProblem1_M2_D256_191.mat,26,1,1,0.873518977523161,0.873518977523161,0.947773039340973,1,1,5,0.762482345104218,0.924967229366302,0.592592597007751,45,77,22
192,FRCSO_N100_DDProblem1_M2_D256_192.mat,26,1,1,0.858257293737325,0.858257293737325,0.943929076194763,1,1,6,0.779304444789886,0.914491415023804,0.454545468091965,54,56,10
193,FRCSO_N100_DDProblem1_M2_D256_193.mat,26,0,0,0.825487945760385,0.825487945760385,0.938747346401215,1,1,5,0.717108905315399,0.859651207923889,0.34375,50,40,0
194,FRCSO_N100_DDProblem1_M2_D256_194.mat,26,1,1,0.887215156267506,0.887215156267506,0.94237208366394,1,1,6,0.753707468509674,0.916264832019806,0.641509413719177,61,77,38
195,FRCSO_N100_DDProblem1_M2_D256_195.mat,26,1,1,0.869624058484476,0.869624058484476,0.947779655456543,1,1,7,0.791786849498749,0.905446410179138,0.47272726893425,54,53,7
196,FRCSO_N100_DDProblem1_M2_D256_196.mat,26,0,0,0.869508634591845,0.869508634591845,0.933919131755829,1,1,10,0.783016502857208,0.879729390144348,0.226666674017906,50,20,0
197,FRCSO_N100_DDProblem1_M2_D256_197.mat,26,0,0,0.829141425664657,0.829141425664657,0.933779239654541,1,1,6,0.728308141231537,0.882651209831238,0.294117659330368,48,47,0
198,FRCSO_N100_DDProblem1_M2_D256_198.mat,26,1,1,0.869372750507829,0.869372750507829,0.946308612823486,1,1,17,0.770341813564301,0.946308612823486,0.517857134342194,100,33,33
199,FRCSO_N100_DDProblem1_M2_D256_199.mat,26,0,0,0.849971775675413,0.849971775675413,0.942456364631653,1,1,7,0.718543648719788,0.898737668991089,0.378048777580261,68,32,0
200,FRCSO_N100_DDProblem1_M2_D256_200.mat,26,0,0,0.81633662820718,0.81633662820718,0.947684645652771,1,1,5,0.708391904830933,0.870888113975525,0.274193555116653,50,45,0
